-33.76,0.14,5.193,0,10.386,0.7
-32.4925,0.14,5.193,0,5.193,0.56
-31.225,0.14,5.193,0,-1.776e-15,0.42
-33.76,0.14,5.193,0,10.386,0.7
-32.4925,0.14,5.193,0,5.193,0.56
-31.225,0.14,5.193,0,-1.776e-15,0.42
-25.696,0.14,4.353,0,8.706,0.7
-24.4285,0.14,4.353,0,4.353,0.56
-23.161,0.14,4.353,0,1.776e-15,0.42
-25.696,0.14,4.353,0,8.706,0.7
-24.4285,0.14,4.353,0,4.353,0.56
-23.161,0.14,4.353,0,1.776e-15,0.42
-9.064,0.14,-1.863,0,-3.726,0.7
-7.7965,0.14,-1.863,0,-1.863,0.56
-6.529,0.14,-1.863,0,-4.441e-16,0.42
-9.064,0.14,-1.863,0,-3.726,0.7
-7.7965,0.14,-1.863,0,-1.863,0.56
-6.529,0.14,-1.863,0,-4.441e-16,0.42
-1,0.14,-2.703,0,-5.406,0.7
0.2675,0.14,-2.703,0,-2.703,0.56
1.535,0.14,-2.703,0,0,0.42
-1,0.14,-2.703,0,-5.406,0.7
0.2675,0.14,-2.703,0,-2.703,0.56
1.535,0.14,-2.703,0,0,0.42
-33.76,-0.14,5.473,0,10.946,-0.7
-32.4925,-0.14,5.473,0,5.473,-0.56
-31.225,-0.14,5.473,0,0,-0.42
-33.76,-0.14,5.473,0,10.946,-0.7
-32.4925,-0.14,5.473,0,5.473,-0.56
-31.225,-0.14,5.473,0,0,-0.42
-25.696,-0.14,4.633,0,9.266,-0.7
-24.4285,-0.14,4.633,0,4.633,-0.56
-23.161,-0.14,4.633,0,0,-0.42
-25.696,-0.14,4.633,0,9.266,-0.7
-24.4285,-0.14,4.633,0,4.633,-0.56
-23.161,-0.14,4.633,0,0,-0.42
-9.064,-0.14,-1.583,0,-3.166,-0.7
-7.7965,-0.14,-1.583,0,-1.583,-0.56
-6.529,-0.14,-1.583,0,0,-0.42
-9.064,-0.14,-1.583,0,-3.166,-0.7
-7.7965,-0.14,-1.583,0,-1.583,-0.56
-6.529,-0.14,-1.583,0,0,-0.42
-1,-0.14,-2.423,0,-4.846,-0.7
0.2675,-0.14,-2.423,0,-2.423,-0.56
1.535,-0.14,-2.423,0,0,-0.42
-1,-0.14,-2.423,0,-4.846,-0.7
0.2675,-0.14,-2.423,0,-2.423,-0.56
1.535,-0.14,-2.423,0,0,-0.42
-62.572,0.042,13.523,0,27.046,0.21
-61.3045,0.042,13.523,0,13.523,0.168
-60.037,0.042,13.523,0,-3.553e-15,0.126
-62.572,0.042,13.523,0,27.046,0.21
-61.3045,0.042,13.523,0,13.523,0.168
-60.037,0.042,13.523,0,-3.553e-15,0.126
-54.508,0.042,12.683,0,25.366,0.21
-53.2405,0.042,12.683,0,12.683,0.168
-51.973,0.042,12.683,0,-3.553e-15,0.126
-54.508,0.042,12.683,0,25.366,0.21
-53.2405,0.042,12.683,0,12.683,0.168
-51.973,0.042,12.683,0,-3.553e-15,0.126
19.748,0.042,-9.997,0,-19.994,0.21
21.0155,0.042,-9.997,0,-9.997,0.168
22.283,0.042,-9.997,0,0,0.126
19.748,0.042,-9.997,0,-19.994,0.21
21.0155,0.042,-9.997,0,-9.997,0.168
22.283,0.042,-9.997,0,0,0.126
27.812,0.042,-10.837,0,-21.674,0.21
29.0795,0.042,-10.837,0,-10.837,0.168
30.347,0.042,-10.837,0,3.553e-15,0.126
27.812,0.042,-10.837,0,-21.674,0.21
29.0795,0.042,-10.837,0,-10.837,0.168
30.347,0.042,-10.837,0,3.553e-15,0.126
-62.572,-0.042,13.607,0,27.214,-0.21
-61.3045,-0.042,13.607,0,13.607,-0.168
-60.037,-0.042,13.607,0,-3.553e-15,-0.126
-62.572,-0.042,13.607,0,27.214,-0.21
-61.3045,-0.042,13.607,0,13.607,-0.168
-60.037,-0.042,13.607,0,-3.553e-15,-0.126
-54.508,-0.042,12.767,0,25.534,-0.21
-53.2405,-0.042,12.767,0,12.767,-0.168
-51.973,-0.042,12.767,0,0,-0.126
-54.508,-0.042,12.767,0,25.534,-0.21
-53.2405,-0.042,12.767,0,12.767,-0.168
-51.973,-0.042,12.767,0,0,-0.126
19.748,-0.042,-9.913,0,-19.826,-0.21
21.0155,-0.042,-9.913,0,-9.913,-0.168
22.283,-0.042,-9.913,0,7.105e-15,-0.126
19.748,-0.042,-9.913,0,-19.826,-0.21
21.0155,-0.042,-9.913,0,-9.913,-0.168
22.283,-0.042,-9.913,0,7.105e-15,-0.126
27.812,-0.042,-10.753,0,-21.506,-0.21
29.0795,-0.042,-10.753,0,-10.753,-0.168
30.347,-0.042,-10.753,0,0,-0.126
27.812,-0.042,-10.753,0,-21.506,-0.21
29.0795,-0.042,-10.753,0,-10.753,-0.168
30.347,-0.042,-10.753,0,0,-0.126
-32.332,0.084,4.353,0,8.706,0.42
-31.0645,0.084,4.353,0,4.353,0.336
-29.797,0.084,4.353,0,0,0.252
-32.332,0.084,4.353,0,8.706,0.42
-31.0645,0.084,4.353,0,4.353,0.336
-29.797,0.084,4.353,0,0,0.252
-18.892,0.084,2.953,0,5.906,0.42
-17.6245,0.084,2.953,0,2.953,0.336
-16.357,0.084,2.953,0,8.882e-16,0.252
-18.892,0.084,2.953,0,5.906,0.42
-17.6245,0.084,2.953,0,2.953,0.336
-16.357,0.084,2.953,0,8.882e-16,0.252
-15.868,0.084,-0.351,0,-0.702,0.42
-14.6005,0.084,-0.351,0,-0.351,0.336
-13.333,0.084,-0.351,0,-2.22e-16,0.252
-15.868,0.084,-0.351,0,-0.702,0.42
-14.6005,0.084,-0.351,0,-0.351,0.336
-13.333,0.084,-0.351,0,-2.22e-16,0.252
-2.428,0.084,-1.751,0,-3.502,0.42
-1.1605,0.084,-1.751,0,-1.751,0.336
0.107,0.084,-1.751,0,-4.441e-16,0.252
-2.428,0.084,-1.751,0,-3.502,0.42
-1.1605,0.084,-1.751,0,-1.751,0.336
0.107,0.084,-1.751,0,-4.441e-16,0.252
-32.332,-0.084,4.521,0,9.042,-0.42
-31.0645,-0.084,4.521,0,4.521,-0.336
-29.797,-0.084,4.521,0,-3.553e-15,-0.252
-32.332,-0.084,4.521,0,9.042,-0.42
-31.0645,-0.084,4.521,0,4.521,-0.336
-29.797,-0.084,4.521,0,-3.553e-15,-0.252
-18.892,-0.084,3.121,0,6.242,-0.42
-17.6245,-0.084,3.121,0,3.121,-0.336
-16.357,-0.084,3.121,0,8.882e-16,-0.252
-18.892,-0.084,3.121,0,6.242,-0.42
-17.6245,-0.084,3.121,0,3.121,-0.336
-16.357,-0.084,3.121,0,8.882e-16,-0.252
-15.868,-0.084,-0.183,0,-0.366,-0.42
-14.6005,-0.084,-0.183,0,-0.183,-0.336
-13.333,-0.084,-0.183,0,0,-0.252
-15.868,-0.084,-0.183,0,-0.366,-0.42
-14.6005,-0.084,-0.183,0,-0.183,-0.336
-13.333,-0.084,-0.183,0,0,-0.252
-2.428,-0.084,-1.583,0,-3.166,-0.42
-1.1605,-0.084,-1.583,0,-1.583,-0.336
0.107,-0.084,-1.583,0,0,-0.252
-2.428,-0.084,-1.583,0,-3.166,-0.42
-1.1605,-0.084,-1.583,0,-1.583,-0.336
0.107,-0.084,-1.583,0,0,-0.252
-48.796,0.028,9.113,0,18.226,0.14
-47.5285,0.028,9.113,0,9.113,0.112
-46.261,0.028,9.113,0,3.553e-15,0.084
-48.796,0.028,9.113,0,18.226,0.14
-47.5285,0.028,9.113,0,9.113,0.112
-46.261,0.028,9.113,0,3.553e-15,0.084
-35.356,0.028,7.713,0,15.426,0.14
-34.0885,0.028,7.713,0,7.713,0.112
-32.821,0.028,7.713,0,1.776e-15,0.084
-35.356,0.028,7.713,0,15.426,0.14
-34.0885,0.028,7.713,0,7.713,0.112
-32.821,0.028,7.713,0,1.776e-15,0.084
0.596,0.028,-4.999,0,-9.998,0.14
1.8635,0.028,-4.999,0,-4.999,0.112
3.131,0.028,-4.999,0,0,0.084
0.596,0.028,-4.999,0,-9.998,0.14
1.8635,0.028,-4.999,0,-4.999,0.112
3.131,0.028,-4.999,0,0,0.084
14.036,0.028,-6.399,0,-12.798,0.14
15.3035,0.028,-6.399,0,-6.399,0.112
16.571,0.028,-6.399,0,1.776e-15,0.084
14.036,0.028,-6.399,0,-12.798,0.14
15.3035,0.028,-6.399,0,-6.399,0.112
16.571,0.028,-6.399,0,1.776e-15,0.084
-48.796,-0.028,9.169,0,18.338,-0.14
-47.5285,-0.028,9.169,0,9.169,-0.112
-46.261,-0.028,9.169,0,0,-0.084
-48.796,-0.028,9.169,0,18.338,-0.14
-47.5285,-0.028,9.169,0,9.169,-0.112
-46.261,-0.028,9.169,0,0,-0.084
-35.356,-0.028,7.769,0,15.538,-0.14
-34.0885,-0.028,7.769,0,7.769,-0.112
-32.821,-0.028,7.769,0,-1.776e-15,-0.084
-35.356,-0.028,7.769,0,15.538,-0.14
-34.0885,-0.028,7.769,0,7.769,-0.112
-32.821,-0.028,7.769,0,-1.776e-15,-0.084
0.596,-0.028,-4.943,0,-9.886,-0.14
1.8635,-0.028,-4.943,0,-4.943,-0.112
3.131,-0.028,-4.943,0,0,-0.084
0.596,-0.028,-4.943,0,-9.886,-0.14
1.8635,-0.028,-4.943,0,-4.943,-0.112
3.131,-0.028,-4.943,0,0,-0.084
14.036,-0.028,-6.343,0,-12.686,-0.14
15.3035,-0.028,-6.343,0,-6.343,-0.112
16.571,-0.028,-6.343,0,3.553e-15,-0.084
14.036,-0.028,-6.343,0,-12.686,-0.14
15.3035,-0.028,-6.343,0,-6.343,-0.112
16.571,-0.028,-6.343,0,3.553e-15,-0.084
-27.8213,0.14,4.528,0,9.056,0.7
-26.8706,0.14,4.528,0,4.528,0.56
-25.92,0.14,4.528,0,-1.776e-15,0.42
-27.8213,0.14,4.528,0,9.056,0.7
-26.8706,0.14,4.528,0,4.528,0.56
-25.92,0.14,4.528,0,-1.776e-15,0.42
-19.7573,0.14,3.688,0,7.376,0.7
-18.8066,0.14,3.688,0,3.688,0.56
-17.856,0.14,3.688,0,-1.776e-15,0.42
-19.7573,0.14,3.688,0,7.376,0.7
-18.8066,0.14,3.688,0,3.688,0.56
-17.856,0.14,3.688,0,-1.776e-15,0.42
-3.1253,0.14,-2.528,0,-5.056,0.7
-2.1746,0.14,-2.528,0,-2.528,0.56
-1.224,0.14,-2.528,0,0,0.42
-3.1253,0.14,-2.528,0,-5.056,0.7
-2.1746,0.14,-2.528,0,-2.528,0.56
-1.224,0.14,-2.528,0,0,0.42
4.9388,0.14,-3.368,0,-6.736,0.7
5.8894,0.14,-3.368,0,-3.368,0.56
6.84,0.14,-3.368,0,1.776e-15,0.42
4.9388,0.14,-3.368,0,-6.736,0.7
5.8894,0.14,-3.368,0,-3.368,0.56
6.84,0.14,-3.368,0,1.776e-15,0.42
-27.8213,-0.14,4.808,0,9.616,-0.7
-26.8706,-0.14,4.808,0,4.808,-0.56
-25.92,-0.14,4.808,0,0,-0.42
-27.8213,-0.14,4.808,0,9.616,-0.7
-26.8706,-0.14,4.808,0,4.808,-0.56
-25.92,-0.14,4.808,0,0,-0.42
-19.7573,-0.14,3.968,0,7.936,-0.7
-18.8066,-0.14,3.968,0,3.968,-0.56
-17.856,-0.14,3.968,0,-8.882e-16,-0.42
-19.7573,-0.14,3.968,0,7.936,-0.7
-18.8066,-0.14,3.968,0,3.968,-0.56
-17.856,-0.14,3.968,0,-8.882e-16,-0.42
-3.1253,-0.14,-2.248,0,-4.496,-0.7
-2.1746,-0.14,-2.248,0,-2.248,-0.56
-1.224,-0.14,-2.248,0,0,-0.42
-3.1253,-0.14,-2.248,0,-4.496,-0.7
-2.1746,-0.14,-2.248,0,-2.248,-0.56
-1.224,-0.14,-2.248,0,0,-0.42
4.9388,-0.14,-3.088,0,-6.176,-0.7
5.8894,-0.14,-3.088,0,-3.088,-0.56
6.84,-0.14,-3.088,0,0,-0.42
4.9388,-0.14,-3.088,0,-6.176,-0.7
5.8894,-0.14,-3.088,0,-3.088,-0.56
6.84,-0.14,-3.088,0,0,-0.42
-56.6333,0.042,12.858,0,25.716,0.21
-55.6826,0.042,12.858,0,12.858,0.168
-54.732,0.042,12.858,0,-7.105e-15,0.126
-56.6333,0.042,12.858,0,25.716,0.21
-55.6826,0.042,12.858,0,12.858,0.168
-54.732,0.042,12.858,0,-7.105e-15,0.126
-48.5693,0.042,12.018,0,24.036,0.21
-47.6186,0.042,12.018,0,12.018,0.168
-46.668,0.042,12.018,0,-3.553e-15,0.126
-48.5693,0.042,12.018,0,24.036,0.21
-47.6186,0.042,12.018,0,12.018,0.168
-46.668,0.042,12.018,0,-3.553e-15,0.126
25.6868,0.042,-10.662,0,-21.324,0.21
26.6374,0.042,-10.662,0,-10.662,0.168
27.588,0.042,-10.662,0,-3.553e-15,0.126
25.6868,0.042,-10.662,0,-21.324,0.21
26.6374,0.042,-10.662,0,-10.662,0.168
27.588,0.042,-10.662,0,-3.553e-15,0.126
33.7508,0.042,-11.502,0,-23.004,0.21
34.7014,0.042,-11.502,0,-11.502,0.168
35.652,0.042,-11.502,0,3.553e-15,0.126
33.7508,0.042,-11.502,0,-23.004,0.21
34.7014,0.042,-11.502,0,-11.502,0.168
35.652,0.042,-11.502,0,3.553e-15,0.126
-56.6333,-0.042,12.942,0,25.884,-0.21
-55.6826,-0.042,12.942,0,12.942,-0.168
-54.732,-0.042,12.942,0,-3.553e-15,-0.126
-56.6333,-0.042,12.942,0,25.884,-0.21
-55.6826,-0.042,12.942,0,12.942,-0.168
-54.732,-0.042,12.942,0,-3.553e-15,-0.126
-48.5693,-0.042,12.102,0,24.204,-0.21
-47.6186,-0.042,12.102,0,12.102,-0.168
-46.668,-0.042,12.102,0,-7.105e-15,-0.126
-48.5693,-0.042,12.102,0,24.204,-0.21
-47.6186,-0.042,12.102,0,12.102,-0.168
-46.668,-0.042,12.102,0,-7.105e-15,-0.126
25.6868,-0.042,-10.578,0,-21.156,-0.21
26.6374,-0.042,-10.578,0,-10.578,-0.168
27.588,-0.042,-10.578,0,-3.553e-15,-0.126
25.6868,-0.042,-10.578,0,-21.156,-0.21
26.6374,-0.042,-10.578,0,-10.578,-0.168
27.588,-0.042,-10.578,0,-3.553e-15,-0.126
33.7508,-0.042,-11.418,0,-22.836,-0.21
34.7014,-0.042,-11.418,0,-11.418,-0.168
35.652,-0.042,-11.418,0,-3.553e-15,-0.126
33.7508,-0.042,-11.418,0,-22.836,-0.21
34.7014,-0.042,-11.418,0,-11.418,-0.168
35.652,-0.042,-11.418,0,-3.553e-15,-0.126
-26.3933,0.084,3.688,0,7.376,0.42
-25.4426,0.084,3.688,0,3.688,0.336
-24.492,0.084,3.688,0,0,0.252
-26.3933,0.084,3.688,0,7.376,0.42
-25.4426,0.084,3.688,0,3.688,0.336
-24.492,0.084,3.688,0,0,0.252
-12.9533,0.084,2.288,0,4.576,0.42
-12.0026,0.084,2.288,0,2.288,0.336
-11.052,0.084,2.288,0,1.776e-15,0.252
-12.9533,0.084,2.288,0,4.576,0.42
-12.0026,0.084,2.288,0,2.288,0.336
-11.052,0.084,2.288,0,1.776e-15,0.252
-9.9293,0.084,-1.016,0,-2.032,0.42
-8.9786,0.084,-1.016,0,-1.016,0.336
-8.028,0.084,-1.016,0,0,0.252
-9.9293,0.084,-1.016,0,-2.032,0.42
-8.9786,0.084,-1.016,0,-1.016,0.336
-8.028,0.084,-1.016,0,0,0.252
3.5108,0.084,-2.416,0,-4.832,0.42
4.4614,0.084,-2.416,0,-2.416,0.336
5.412,0.084,-2.416,0,-8.882e-16,0.252
3.5108,0.084,-2.416,0,-4.832,0.42
4.4614,0.084,-2.416,0,-2.416,0.336
5.412,0.084,-2.416,0,-8.882e-16,0.252
-26.3933,-0.084,3.856,0,7.712,-0.42
-25.4426,-0.084,3.856,0,3.856,-0.336
-24.492,-0.084,3.856,0,8.882e-16,-0.252
-26.3933,-0.084,3.856,0,7.712,-0.42
-25.4426,-0.084,3.856,0,3.856,-0.336
-24.492,-0.084,3.856,0,8.882e-16,-0.252
-12.9533,-0.084,2.456,0,4.912,-0.42
-12.0026,-0.084,2.456,0,2.456,-0.336
-11.052,-0.084,2.456,0,0,-0.252
-12.9533,-0.084,2.456,0,4.912,-0.42
-12.0026,-0.084,2.456,0,2.456,-0.336
-11.052,-0.084,2.456,0,0,-0.252
-9.9293,-0.084,-0.848,0,-1.696,-0.42
-8.9786,-0.084,-0.848,0,-0.848,-0.336
-8.028,-0.084,-0.848,0,4.441e-16,-0.252
-9.9293,-0.084,-0.848,0,-1.696,-0.42
-8.9786,-0.084,-0.848,0,-0.848,-0.336
-8.028,-0.084,-0.848,0,4.441e-16,-0.252
3.5108,-0.084,-2.248,0,-4.496,-0.42
4.4614,-0.084,-2.248,0,-2.248,-0.336
5.412,-0.084,-2.248,0,8.882e-16,-0.252
3.5108,-0.084,-2.248,0,-4.496,-0.42
4.4614,-0.084,-2.248,0,-2.248,-0.336
5.412,-0.084,-2.248,0,8.882e-16,-0.252
-42.8573,0.028,8.448,0,16.896,0.14
-41.9066,0.028,8.448,0,8.448,0.112
-40.956,0.028,8.448,0,0,0.084
-42.8573,0.028,8.448,0,16.896,0.14
-41.9066,0.028,8.448,0,8.448,0.112
-40.956,0.028,8.448,0,0,0.084
-29.4173,0.028,7.048,0,14.096,0.14
-28.4666,0.028,7.048,0,7.048,0.112
-27.516,0.028,7.048,0,3.553e-15,0.084
-29.4173,0.028,7.048,0,14.096,0.14
-28.4666,0.028,7.048,0,7.048,0.112
-27.516,0.028,7.048,0,3.553e-15,0.084
6.5348,0.028,-5.664,0,-11.328,0.14
7.4854,0.028,-5.664,0,-5.664,0.112
8.436,0.028,-5.664,0,1.776e-15,0.084
6.5348,0.028,-5.664,0,-11.328,0.14
7.4854,0.028,-5.664,0,-5.664,0.112
8.436,0.028,-5.664,0,1.776e-15,0.084
19.9748,0.028,-7.064,0,-14.128,0.14
20.9254,0.028,-7.064,0,-7.064,0.112
21.876,0.028,-7.064,0,3.553e-15,0.084
19.9748,0.028,-7.064,0,-14.128,0.14
20.9254,0.028,-7.064,0,-7.064,0.112
21.876,0.028,-7.064,0,3.553e-15,0.084
-42.8573,-0.028,8.504,0,17.008,-0.14
-41.9066,-0.028,8.504,0,8.504,-0.112
-40.956,-0.028,8.504,0,0,-0.084
-42.8573,-0.028,8.504,0,17.008,-0.14
-41.9066,-0.028,8.504,0,8.504,-0.112
-40.956,-0.028,8.504,0,0,-0.084
-29.4173,-0.028,7.104,0,14.208,-0.14
-28.4666,-0.028,7.104,0,7.104,-0.112
-27.516,-0.028,7.104,0,-3.553e-15,-0.084
-29.4173,-0.028,7.104,0,14.208,-0.14
-28.4666,-0.028,7.104,0,7.104,-0.112
-27.516,-0.028,7.104,0,-3.553e-15,-0.084
6.5348,-0.028,-5.608,0,-11.216,-0.14
7.4854,-0.028,-5.608,0,-5.608,-0.112
8.436,-0.028,-5.608,0,-1.776e-15,-0.084
6.5348,-0.028,-5.608,0,-11.216,-0.14
7.4854,-0.028,-5.608,0,-5.608,-0.112
8.436,-0.028,-5.608,0,-1.776e-15,-0.084
19.9748,-0.028,-7.008,0,-14.016,-0.14
20.9254,-0.028,-7.008,0,-7.008,-0.112
21.876,-0.028,-7.008,0,-1.776e-15,-0.084
19.9748,-0.028,-7.008,0,-14.016,-0.14
20.9254,-0.028,-7.008,0,-7.008,-0.112
21.876,-0.028,-7.008,0,-1.776e-15,-0.084
-22.406,0.14,4.817,0,9.634,0.7
-21.1385,0.14,4.817,0,4.817,0.56
-19.871,0.14,4.817,0,3.553e-15,0.42
-22.406,0.14,4.817,0,9.634,0.7
-21.1385,0.14,4.817,0,4.817,0.56
-19.871,0.14,4.817,0,3.553e-15,0.42
-18.71,0.14,4.313,0,8.626,0.7
-17.4425,0.14,4.313,0,4.313,0.56
-16.175,0.14,4.313,0,-1.776e-15,0.42
-18.71,0.14,4.313,0,8.626,0.7
-17.4425,0.14,4.313,0,4.313,0.56
-16.175,0.14,4.313,0,-1.776e-15,0.42
-2.33,0.14,-2.323,0,-4.646,0.7
-1.0625,0.14,-2.323,0,-2.323,0.56
0.205,0.14,-2.323,0,8.882e-16,0.42
-2.33,0.14,-2.323,0,-4.646,0.7
-1.0625,0.14,-2.323,0,-2.323,0.56
0.205,0.14,-2.323,0,8.882e-16,0.42
1.366,0.14,-2.827,0,-5.654,0.7
2.6335,0.14,-2.827,0,-2.827,0.56
3.901,0.14,-2.827,0,-8.882e-16,0.42
1.366,0.14,-2.827,0,-5.654,0.7
2.6335,0.14,-2.827,0,-2.827,0.56
3.901,0.14,-2.827,0,-8.882e-16,0.42
-22.126,-0.14,4.537,0,9.074,-0.7
-20.8585,-0.14,4.537,0,4.537,-0.56
-19.591,-0.14,4.537,0,1.776e-15,-0.42
-22.126,-0.14,4.537,0,9.074,-0.7
-20.8585,-0.14,4.537,0,4.537,-0.56
-19.591,-0.14,4.537,0,1.776e-15,-0.42
-18.43,-0.14,4.033,0,8.066,-0.7
-17.1625,-0.14,4.033,0,4.033,-0.56
-15.895,-0.14,4.033,0,-1.776e-15,-0.42
-18.43,-0.14,4.033,0,8.066,-0.7
-17.1625,-0.14,4.033,0,4.033,-0.56
-15.895,-0.14,4.033,0,-1.776e-15,-0.42
-2.05,-0.14,-2.603,0,-5.206,-0.7
-0.7825,-0.14,-2.603,0,-2.603,-0.56
0.485,-0.14,-2.603,0,2.665e-15,-0.42
-2.05,-0.14,-2.603,0,-5.206,-0.7
-0.7825,-0.14,-2.603,0,-2.603,-0.56
0.485,-0.14,-2.603,0,2.665e-15,-0.42
1.646,-0.14,-3.107,0,-6.214,-0.7
2.9135,-0.14,-3.107,0,-3.107,-0.56
4.181,-0.14,-3.107,0,1.776e-15,-0.42
1.646,-0.14,-3.107,0,-6.214,-0.7
2.9135,-0.14,-3.107,0,-3.107,-0.56
4.181,-0.14,-3.107,0,1.776e-15,-0.42
-45.73,0.042,13.049,0,26.098,0.21
-44.4625,0.042,13.049,0,13.049,0.168
-43.195,0.042,13.049,0,-1.066e-14,0.126
-45.73,0.042,13.049,0,26.098,0.21
-44.4625,0.042,13.049,0,13.049,0.168
-43.195,0.042,13.049,0,-1.066e-14,0.126
-42.034,0.042,12.545,0,25.09,0.21
-40.7665,0.042,12.545,0,12.545,0.168
-39.499,0.042,12.545,0,-3.553e-15,0.126
-42.034,0.042,12.545,0,25.09,0.21
-40.7665,0.042,12.545,0,12.545,0.168
-39.499,0.042,12.545,0,-3.553e-15,0.126
21.19,0.042,-10.751,0,-21.502,0.21
22.4575,0.042,-10.751,0,-10.751,0.168
23.725,0.042,-10.751,0,7.105e-15,0.126
21.19,0.042,-10.751,0,-21.502,0.21
22.4575,0.042,-10.751,0,-10.751,0.168
23.725,0.042,-10.751,0,7.105e-15,0.126
24.886,0.042,-11.255,0,-22.51,0.21
26.1535,0.042,-11.255,0,-11.255,0.168
27.421,0.042,-11.255,0,-3.553e-15,0.126
24.886,0.042,-11.255,0,-22.51,0.21
26.1535,0.042,-11.255,0,-11.255,0.168
27.421,0.042,-11.255,0,-3.553e-15,0.126
-45.646,-0.042,12.965,0,25.93,-0.21
-44.3785,-0.042,12.965,0,12.965,-0.168
-43.111,-0.042,12.965,0,-7.105e-15,-0.126
-45.646,-0.042,12.965,0,25.93,-0.21
-44.3785,-0.042,12.965,0,12.965,-0.168
-43.111,-0.042,12.965,0,-7.105e-15,-0.126
-41.95,-0.042,12.461,0,24.922,-0.21
-40.6825,-0.042,12.461,0,12.461,-0.168
-39.415,-0.042,12.461,0,0,-0.126
-41.95,-0.042,12.461,0,24.922,-0.21
-40.6825,-0.042,12.461,0,12.461,-0.168
-39.415,-0.042,12.461,0,0,-0.126
21.274,-0.042,-10.835,0,-21.67,-0.21
22.5415,-0.042,-10.835,0,-10.835,-0.168
23.809,-0.042,-10.835,0,7.105e-15,-0.126
21.274,-0.042,-10.835,0,-21.67,-0.21
22.5415,-0.042,-10.835,0,-10.835,-0.168
23.809,-0.042,-10.835,0,7.105e-15,-0.126
24.97,-0.042,-11.339,0,-22.678,-0.21
26.2375,-0.042,-11.339,0,-11.339,-0.168
27.505,-0.042,-11.339,0,7.105e-15,-0.126
24.97,-0.042,-11.339,0,-22.678,-0.21
26.2375,-0.042,-11.339,0,-11.339,-0.168
27.505,-0.042,-11.339,0,7.105e-15,-0.126
-20.236,0.084,3.739,0,7.478,0.42
-18.9685,0.084,3.739,0,3.739,0.336
-17.701,0.084,3.739,0,8.882e-16,0.252
-20.236,0.084,3.739,0,7.478,0.42
-18.9685,0.084,3.739,0,3.739,0.336
-17.701,0.084,3.739,0,8.882e-16,0.252
-14.076,0.084,2.899,0,5.798,0.42
-12.8085,0.084,2.899,0,2.899,0.336
-11.541,0.084,2.899,0,-8.882e-16,0.252
-14.076,0.084,2.899,0,5.798,0.42
-12.8085,0.084,2.899,0,2.899,0.336
-11.541,0.084,2.899,0,-8.882e-16,0.252
-6.852,0.084,-1.021,0,-2.042,0.42
-5.5845,0.084,-1.021,0,-1.021,0.336
-4.317,0.084,-1.021,0,0,0.252
-6.852,0.084,-1.021,0,-2.042,0.42
-5.5845,0.084,-1.021,0,-1.021,0.336
-4.317,0.084,-1.021,0,0,0.252
-0.692,0.084,-1.861,0,-3.722,0.42
0.5755,0.084,-1.861,0,-1.861,0.336
1.843,0.084,-1.861,0,-4.441e-16,0.252
-0.692,0.084,-1.861,0,-3.722,0.42
0.5755,0.084,-1.861,0,-1.861,0.336
1.843,0.084,-1.861,0,-4.441e-16,0.252
-20.068,-0.084,3.571,0,7.142,-0.42
-18.8005,-0.084,3.571,0,3.571,-0.336
-17.533,-0.084,3.571,0,0,-0.252
-20.068,-0.084,3.571,0,7.142,-0.42
-18.8005,-0.084,3.571,0,3.571,-0.336
-17.533,-0.084,3.571,0,0,-0.252
-13.908,-0.084,2.731,0,5.462,-0.42
-12.6405,-0.084,2.731,0,2.731,-0.336
-11.373,-0.084,2.731,0,-1.776e-15,-0.252
-13.908,-0.084,2.731,0,5.462,-0.42
-12.6405,-0.084,2.731,0,2.731,-0.336
-11.373,-0.084,2.731,0,-1.776e-15,-0.252
-6.684,-0.084,-1.189,0,-2.378,-0.42
-5.4165,-0.084,-1.189,0,-1.189,-0.336
-4.149,-0.084,-1.189,0,4.441e-16,-0.252
-6.684,-0.084,-1.189,0,-2.378,-0.42
-5.4165,-0.084,-1.189,0,-1.189,-0.336
-4.149,-0.084,-1.189,0,4.441e-16,-0.252
-0.524,-0.084,-2.029,0,-4.058,-0.42
0.7435,-0.084,-2.029,0,-2.029,-0.336
2.011,-0.084,-2.029,0,8.882e-16,-0.252
-0.524,-0.084,-2.029,0,-4.058,-0.42
0.7435,-0.084,-2.029,0,-2.029,-0.336
2.011,-0.084,-2.029,0,8.882e-16,-0.252
-33.564,0.028,8.443,0,16.886,0.14
-32.2965,0.028,8.443,0,8.443,0.112
-31.029,0.028,8.443,0,-7.105e-15,0.084
-33.564,0.028,8.443,0,16.886,0.14
-32.2965,0.028,8.443,0,8.443,0.112
-31.029,0.028,8.443,0,-7.105e-15,0.084
-27.404,0.028,7.603,0,15.206,0.14
-26.1365,0.028,7.603,0,7.603,0.112
-24.869,0.028,7.603,0,0,0.084
-27.404,0.028,7.603,0,15.206,0.14
-26.1365,0.028,7.603,0,7.603,0.112
-24.869,0.028,7.603,0,0,0.084
6.588,0.028,-5.837,0,-11.674,0.14
7.8555,0.028,-5.837,0,-5.837,0.112
9.123,0.028,-5.837,0,1.776e-15,0.084
6.588,0.028,-5.837,0,-11.674,0.14
7.8555,0.028,-5.837,0,-5.837,0.112
9.123,0.028,-5.837,0,1.776e-15,0.084
12.748,0.028,-6.677,0,-13.354,0.14
14.0155,0.028,-6.677,0,-6.677,0.112
15.283,0.028,-6.677,0,-5.329e-15,0.084
12.748,0.028,-6.677,0,-13.354,0.14
14.0155,0.028,-6.677,0,-6.677,0.112
15.283,0.028,-6.677,0,-5.329e-15,0.084
-33.508,-0.028,8.387,0,16.774,-0.14
-32.2405,-0.028,8.387,0,8.387,-0.112
-30.973,-0.028,8.387,0,-7.105e-15,-0.084
-33.508,-0.028,8.387,0,16.774,-0.14
-32.2405,-0.028,8.387,0,8.387,-0.112
-30.973,-0.028,8.387,0,-7.105e-15,-0.084
-27.348,-0.028,7.547,0,15.094,-0.14
-26.0805,-0.028,7.547,0,7.547,-0.112
-24.813,-0.028,7.547,0,-5.329e-15,-0.084
-27.348,-0.028,7.547,0,15.094,-0.14
-26.0805,-0.028,7.547,0,7.547,-0.112
-24.813,-0.028,7.547,0,-5.329e-15,-0.084
6.644,-0.028,-5.893,0,-11.786,-0.14
7.9115,-0.028,-5.893,0,-5.893,-0.112
9.179,-0.028,-5.893,0,0,-0.084
6.644,-0.028,-5.893,0,-11.786,-0.14
7.9115,-0.028,-5.893,0,-5.893,-0.112
9.179,-0.028,-5.893,0,0,-0.084
12.804,-0.028,-6.733,0,-13.466,-0.14
14.0715,-0.028,-6.733,0,-6.733,-0.112
15.339,-0.028,-6.733,0,0,-0.084
12.804,-0.028,-6.733,0,-13.466,-0.14
14.0715,-0.028,-6.733,0,-6.733,-0.112
15.339,-0.028,-6.733,0,0,-0.084
-18.5173,0.14,4.322,0,8.644,0.7
-17.5666,0.14,4.322,0,4.322,0.56
-16.616,0.14,4.322,0,-3.553e-15,0.42
-18.5173,0.14,4.322,0,8.644,0.7
-17.5666,0.14,4.322,0,4.322,0.56
-16.616,0.14,4.322,0,-3.553e-15,0.42
-14.8213,0.14,3.818,0,7.636,0.7
-13.8706,0.14,3.818,0,3.818,0.56
-12.92,0.14,3.818,0,0,0.42
-14.8213,0.14,3.818,0,7.636,0.7
-13.8706,0.14,3.818,0,3.818,0.56
-12.92,0.14,3.818,0,0,0.42
1.5588,0.14,-2.818,0,-5.636,0.7
2.5094,0.14,-2.818,0,-2.818,0.56
3.46,0.14,-2.818,0,1.776e-15,0.42
1.5588,0.14,-2.818,0,-5.636,0.7
2.5094,0.14,-2.818,0,-2.818,0.56
3.46,0.14,-2.818,0,1.776e-15,0.42
5.2548,0.14,-3.322,0,-6.644,0.7
6.2054,0.14,-3.322,0,-3.322,0.56
7.156,0.14,-3.322,0,8.882e-16,0.42
5.2548,0.14,-3.322,0,-6.644,0.7
6.2054,0.14,-3.322,0,-3.322,0.56
7.156,0.14,-3.322,0,8.882e-16,0.42
-18.2373,-0.14,4.042,0,8.084,-0.7
-17.2866,-0.14,4.042,0,4.042,-0.56
-16.336,-0.14,4.042,0,0,-0.42
-18.2373,-0.14,4.042,0,8.084,-0.7
-17.2866,-0.14,4.042,0,4.042,-0.56
-16.336,-0.14,4.042,0,0,-0.42
-14.5413,-0.14,3.538,0,7.076,-0.7
-13.5906,-0.14,3.538,0,3.538,-0.56
-12.64,-0.14,3.538,0,0,-0.42
-14.5413,-0.14,3.538,0,7.076,-0.7
-13.5906,-0.14,3.538,0,3.538,-0.56
-12.64,-0.14,3.538,0,0,-0.42
1.8388,-0.14,-3.098,0,-6.196,-0.7
2.7894,-0.14,-3.098,0,-3.098,-0.56
3.74,-0.14,-3.098,0,0,-0.42
1.8388,-0.14,-3.098,0,-6.196,-0.7
2.7894,-0.14,-3.098,0,-3.098,-0.56
3.74,-0.14,-3.098,0,0,-0.42
5.5348,-0.14,-3.602,0,-7.204,-0.7
6.4854,-0.14,-3.602,0,-3.602,-0.56
7.436,-0.14,-3.602,0,2.665e-15,-0.42
5.5348,-0.14,-3.602,0,-7.204,-0.7
6.4854,-0.14,-3.602,0,-3.602,-0.56
7.436,-0.14,-3.602,0,2.665e-15,-0.42
-41.8413,0.042,12.554,0,25.108,0.21
-40.8906,0.042,12.554,0,12.554,0.168
-39.94,0.042,12.554,0,-7.105e-15,0.126
-41.8413,0.042,12.554,0,25.108,0.21
-40.8906,0.042,12.554,0,12.554,0.168
-39.94,0.042,12.554,0,-7.105e-15,0.126
-38.1453,0.042,12.05,0,24.1,0.21
-37.1946,0.042,12.05,0,12.05,0.168
-36.244,0.042,12.05,0,-3.553e-15,0.126
-38.1453,0.042,12.05,0,24.1,0.21
-37.1946,0.042,12.05,0,12.05,0.168
-36.244,0.042,12.05,0,-3.553e-15,0.126
25.0788,0.042,-11.246,0,-22.492,0.21
26.0294,0.042,-11.246,0,-11.246,0.168
26.98,0.042,-11.246,0,-3.553e-15,0.126
25.0788,0.042,-11.246,0,-22.492,0.21
26.0294,0.042,-11.246,0,-11.246,0.168
26.98,0.042,-11.246,0,-3.553e-15,0.126
28.7748,0.042,-11.75,0,-23.5,0.21
29.7254,0.042,-11.75,0,-11.75,0.168
30.676,0.042,-11.75,0,-3.553e-15,0.126
28.7748,0.042,-11.75,0,-23.5,0.21
29.7254,0.042,-11.75,0,-11.75,0.168
30.676,0.042,-11.75,0,-3.553e-15,0.126
-41.7573,-0.042,12.47,0,24.94,-0.21
-40.8066,-0.042,12.47,0,12.47,-0.168
-39.856,-0.042,12.47,0,3.553e-15,-0.126
-41.7573,-0.042,12.47,0,24.94,-0.21
-40.8066,-0.042,12.47,0,12.47,-0.168
-39.856,-0.042,12.47,0,3.553e-15,-0.126
-38.0613,-0.042,11.966,0,23.932,-0.21
-37.1106,-0.042,11.966,0,11.966,-0.168
-36.16,-0.042,11.966,0,0,-0.126
-38.0613,-0.042,11.966,0,23.932,-0.21
-37.1106,-0.042,11.966,0,11.966,-0.168
-36.16,-0.042,11.966,0,0,-0.126
25.1628,-0.042,-11.33,0,-22.66,-0.21
26.1134,-0.042,-11.33,0,-11.33,-0.168
27.064,-0.042,-11.33,0,-1.066e-14,-0.126
25.1628,-0.042,-11.33,0,-22.66,-0.21
26.1134,-0.042,-11.33,0,-11.33,-0.168
27.064,-0.042,-11.33,0,-1.066e-14,-0.126
28.8588,-0.042,-11.834,0,-23.668,-0.21
29.8094,-0.042,-11.834,0,-11.834,-0.168
30.76,-0.042,-11.834,0,1.421e-14,-0.126
28.8588,-0.042,-11.834,0,-23.668,-0.21
29.8094,-0.042,-11.834,0,-11.834,-0.168
30.76,-0.042,-11.834,0,1.421e-14,-0.126
-16.3473,0.084,3.244,0,6.488,0.42
-15.3966,0.084,3.244,0,3.244,0.336
-14.446,0.084,3.244,0,-8.882e-16,0.252
-16.3473,0.084,3.244,0,6.488,0.42
-15.3966,0.084,3.244,0,3.244,0.336
-14.446,0.084,3.244,0,-8.882e-16,0.252
-10.1873,0.084,2.404,0,4.808,0.42
-9.2366,0.084,2.404,0,2.404,0.336
-8.286,0.084,2.404,0,-8.882e-16,0.252
-10.1873,0.084,2.404,0,4.808,0.42
-9.2366,0.084,2.404,0,2.404,0.336
-8.286,0.084,2.404,0,-8.882e-16,0.252
-2.9633,0.084,-1.516,0,-3.032,0.42
-2.0126,0.084,-1.516,0,-1.516,0.336
-1.062,0.084,-1.516,0,4.441e-16,0.252
-2.9633,0.084,-1.516,0,-3.032,0.42
-2.0126,0.084,-1.516,0,-1.516,0.336
-1.062,0.084,-1.516,0,4.441e-16,0.252
3.1968,0.084,-2.356,0,-4.712,0.42
4.1474,0.084,-2.356,0,-2.356,0.336
5.098,0.084,-2.356,0,-8.882e-16,0.252
3.1968,0.084,-2.356,0,-4.712,0.42
4.1474,0.084,-2.356,0,-2.356,0.336
5.098,0.084,-2.356,0,-8.882e-16,0.252
-16.1793,-0.084,3.076,0,6.152,-0.42
-15.2286,-0.084,3.076,0,3.076,-0.336
-14.278,-0.084,3.076,0,-8.882e-16,-0.252
-16.1793,-0.084,3.076,0,6.152,-0.42
-15.2286,-0.084,3.076,0,3.076,-0.336
-14.278,-0.084,3.076,0,-8.882e-16,-0.252
-10.0193,-0.084,2.236,0,4.472,-0.42
-9.0686,-0.084,2.236,0,2.236,-0.336
-8.118,-0.084,2.236,0,0,-0.252
-10.0193,-0.084,2.236,0,4.472,-0.42
-9.0686,-0.084,2.236,0,2.236,-0.336
-8.118,-0.084,2.236,0,0,-0.252
-2.7953,-0.084,-1.684,0,-3.368,-0.42
-1.8446,-0.084,-1.684,0,-1.684,-0.336
-0.894,-0.084,-1.684,0,0,-0.252
-2.7953,-0.084,-1.684,0,-3.368,-0.42
-1.8446,-0.084,-1.684,0,-1.684,-0.336
-0.894,-0.084,-1.684,0,0,-0.252
3.3648,-0.084,-2.524,0,-5.048,-0.42
4.3154,-0.084,-2.524,0,-2.524,-0.336
5.266,-0.084,-2.524,0,8.882e-16,-0.252
3.3648,-0.084,-2.524,0,-5.048,-0.42
4.3154,-0.084,-2.524,0,-2.524,-0.336
5.266,-0.084,-2.524,0,8.882e-16,-0.252
-29.6753,0.028,7.948,0,15.896,0.14
-28.7246,0.028,7.948,0,7.948,0.112
-27.774,0.028,7.948,0,0,0.084
-29.6753,0.028,7.948,0,15.896,0.14
-28.7246,0.028,7.948,0,7.948,0.112
-27.774,0.028,7.948,0,0,0.084
-23.5153,0.028,7.108,0,14.216,0.14
-22.5646,0.028,7.108,0,7.108,0.112
-21.614,0.028,7.108,0,-3.553e-15,0.084
-23.5153,0.028,7.108,0,14.216,0.14
-22.5646,0.028,7.108,0,7.108,0.112
-21.614,0.028,7.108,0,-3.553e-15,0.084
10.4768,0.028,-6.332,0,-12.664,0.14
11.4274,0.028,-6.332,0,-6.332,0.112
12.378,0.028,-6.332,0,3.553e-15,0.084
10.4768,0.028,-6.332,0,-12.664,0.14
11.4274,0.028,-6.332,0,-6.332,0.112
12.378,0.028,-6.332,0,3.553e-15,0.084
16.6368,0.028,-7.172,0,-14.344,0.14
17.5874,0.028,-7.172,0,-7.172,0.112
18.538,0.028,-7.172,0,3.553e-15,0.084
16.6368,0.028,-7.172,0,-14.344,0.14
17.5874,0.028,-7.172,0,-7.172,0.112
18.538,0.028,-7.172,0,3.553e-15,0.084
-29.6193,-0.028,7.892,0,15.784,-0.14
-28.6686,-0.028,7.892,0,7.892,-0.112
-27.718,-0.028,7.892,0,-5.329e-15,-0.084
-29.6193,-0.028,7.892,0,15.784,-0.14
-28.6686,-0.028,7.892,0,7.892,-0.112
-27.718,-0.028,7.892,0,-5.329e-15,-0.084
-23.4593,-0.028,7.052,0,14.104,-0.14
-22.5086,-0.028,7.052,0,7.052,-0.112
-21.558,-0.028,7.052,0,-1.776e-15,-0.084
-23.4593,-0.028,7.052,0,14.104,-0.14
-22.5086,-0.028,7.052,0,7.052,-0.112
-21.558,-0.028,7.052,0,-1.776e-15,-0.084
10.5328,-0.028,-6.388,0,-12.776,-0.14
11.4834,-0.028,-6.388,0,-6.388,-0.112
12.434,-0.028,-6.388,0,1.776e-15,-0.084
10.5328,-0.028,-6.388,0,-12.776,-0.14
11.4834,-0.028,-6.388,0,-6.388,-0.112
12.434,-0.028,-6.388,0,1.776e-15,-0.084
16.6928,-0.028,-7.228,0,-14.456,-0.14
17.6434,-0.028,-7.228,0,-7.228,-0.112
18.594,-0.028,-7.228,0,-5.329e-15,-0.084
16.6928,-0.028,-7.228,0,-14.456,-0.14
17.6434,-0.028,-7.228,0,-7.228,-0.112
18.594,-0.028,-7.228,0,-5.329e-15,-0.084
-7.422,0.14,2.335,0,4.67,0.56
-6.1545,0.14,2.335,0,2.335,0.42
-4.887,0.14,2.335,0,0,0.28
-7.422,0.14,2.335,0,4.67,0.56
-6.1545,0.14,2.335,0,2.335,0.42
-4.887,0.14,2.335,0,0,0.28
2.154,0.14,2.839,0,5.678,0.56
3.4215,0.14,2.839,0,2.839,0.42
4.689,0.14,2.839,0,-1.776e-15,0.28
2.154,0.14,2.839,0,5.678,0.56
3.4215,0.14,2.839,0,2.839,0.42
4.689,0.14,2.839,0,-1.776e-15,0.28
-31.614,0.14,-4.889,0,-9.778,0.56
-30.3465,0.14,-4.889,0,-4.889,0.42
-29.079,0.14,-4.889,0,-1.776e-15,0.28
-31.614,0.14,-4.889,0,-9.778,0.56
-30.3465,0.14,-4.889,0,-4.889,0.42
-29.079,0.14,-4.889,0,-1.776e-15,0.28
-22.038,0.14,-4.385,0,-8.77,0.56
-20.7705,0.14,-4.385,0,-4.385,0.42
-19.503,0.14,-4.385,0,0,0.28
-22.038,0.14,-4.385,0,-8.77,0.56
-20.7705,0.14,-4.385,0,-4.385,0.42
-19.503,0.14,-4.385,0,0,0.28
-14.702,-0.14,2.055,0,4.11,-0.56
-13.4345,-0.14,2.055,0,2.055,-0.42
-12.167,-0.14,2.055,0,0,-0.28
-14.702,-0.14,2.055,0,4.11,-0.56
-13.4345,-0.14,2.055,0,2.055,-0.42
-12.167,-0.14,2.055,0,0,-0.28
-5.126,-0.14,2.559,0,5.118,-0.56
-3.8585,-0.14,2.559,0,2.559,-0.42
-2.591,-0.14,2.559,0,-8.882e-16,-0.28
-5.126,-0.14,2.559,0,5.118,-0.56
-3.8585,-0.14,2.559,0,2.559,-0.42
-2.591,-0.14,2.559,0,-8.882e-16,-0.28
-38.894,-0.14,-5.169,0,-10.338,-0.56
-37.6265,-0.14,-5.169,0,-5.169,-0.42
-36.359,-0.14,-5.169,0,0,-0.28
-38.894,-0.14,-5.169,0,-10.338,-0.56
-37.6265,-0.14,-5.169,0,-5.169,-0.42
-36.359,-0.14,-5.169,0,0,-0.28
-29.318,-0.14,-4.665,0,-9.33,-0.56
-28.0505,-0.14,-4.665,0,-4.665,-0.42
-26.783,-0.14,-4.665,0,0,-0.28
-29.318,-0.14,-4.665,0,-9.33,-0.56
-28.0505,-0.14,-4.665,0,-4.665,-0.42
-26.783,-0.14,-4.665,0,0,-0.28
18.254,0.042,10.665,0,21.33,0.168
19.5215,0.042,10.665,0,10.665,0.126
20.789,0.042,10.665,0,3.553e-15,0.084
18.254,0.042,10.665,0,21.33,0.168
19.5215,0.042,10.665,0,10.665,0.126
20.789,0.042,10.665,0,3.553e-15,0.084
27.83,0.042,11.169,0,22.338,0.168
29.0975,0.042,11.169,0,11.169,0.126
30.365,0.042,11.169,0,0,0.084
27.83,0.042,11.169,0,22.338,0.168
29.0975,0.042,11.169,0,11.169,0.126
30.365,0.042,11.169,0,0,0.084
-62.386,0.042,-13.415,0,-26.83,0.168
-61.1185,0.042,-13.415,0,-13.415,0.126
-59.851,0.042,-13.415,0,0,0.084
-62.386,0.042,-13.415,0,-26.83,0.168
-61.1185,0.042,-13.415,0,-13.415,0.126
-59.851,0.042,-13.415,0,0,0.084
-52.81,0.042,-12.911,0,-25.822,0.168
-51.5425,0.042,-12.911,0,-12.911,0.126
-50.275,0.042,-12.911,0,0,0.084
-52.81,0.042,-12.911,0,-25.822,0.168
-51.5425,0.042,-12.911,0,-12.911,0.126
-50.275,0.042,-12.911,0,0,0.084
16.07,-0.042,10.581,0,21.162,-0.168
17.3375,-0.042,10.581,0,10.581,-0.126
18.605,-0.042,10.581,0,-7.105e-15,-0.084
16.07,-0.042,10.581,0,21.162,-0.168
17.3375,-0.042,10.581,0,10.581,-0.126
18.605,-0.042,10.581,0,-7.105e-15,-0.084
25.646,-0.042,11.085,0,22.17,-0.168
26.9135,-0.042,11.085,0,11.085,-0.126
28.181,-0.042,11.085,0,-3.553e-15,-0.084
25.646,-0.042,11.085,0,22.17,-0.168
26.9135,-0.042,11.085,0,11.085,-0.126
28.181,-0.042,11.085,0,-3.553e-15,-0.084
-64.57,-0.042,-13.499,0,-26.998,-0.168
-63.3025,-0.042,-13.499,0,-13.499,-0.126
-62.035,-0.042,-13.499,0,0,-0.084
-64.57,-0.042,-13.499,0,-26.998,-0.168
-63.3025,-0.042,-13.499,0,-13.499,-0.126
-62.035,-0.042,-13.499,0,0,-0.084
-54.994,-0.042,-12.995,0,-25.99,-0.168
-53.7265,-0.042,-12.995,0,-12.995,-0.126
-52.459,-0.042,-12.995,0,0,-0.084
-54.994,-0.042,-12.995,0,-25.99,-0.168
-53.7265,-0.042,-12.995,0,-12.995,-0.126
-52.459,-0.042,-12.995,0,0,-0.084
-16.102,0.084,0.907,0,1.814,0.336
-14.8345,0.084,0.907,0,0.907,0.252
-13.567,0.084,0.907,0,-2.22e-16,0.168
-16.102,0.084,0.907,0,1.814,0.336
-14.8345,0.084,0.907,0,0.907,0.252
-13.567,0.084,0.907,0,-2.22e-16,0.168
-0.142,0.084,1.747,0,3.494,0.336
1.1255,0.084,1.747,0,1.747,0.252
2.393,0.084,1.747,0,0,0.168
-0.142,0.084,1.747,0,3.494,0.336
1.1255,0.084,1.747,0,1.747,0.252
2.393,0.084,1.747,0,0,0.168
-32.23,0.084,-3.909,0,-7.818,0.336
-30.9625,0.084,-3.909,0,-3.909,0.252
-29.695,0.084,-3.909,0,-8.882e-16,0.168
-32.23,0.084,-3.909,0,-7.818,0.336
-30.9625,0.084,-3.909,0,-3.909,0.252
-29.695,0.084,-3.909,0,-8.882e-16,0.168
-16.27,0.084,-3.069,0,-6.138,0.336
-15.0025,0.084,-3.069,0,-3.069,0.252
-13.735,0.084,-3.069,0,0,0.168
-16.27,0.084,-3.069,0,-6.138,0.336
-15.0025,0.084,-3.069,0,-3.069,0.252
-13.735,0.084,-3.069,0,0,0.168
-20.47,-0.084,0.739,0,1.478,-0.336
-19.2025,-0.084,0.739,0,0.739,-0.252
-17.935,-0.084,0.739,0,0,-0.168
-20.47,-0.084,0.739,0,1.478,-0.336
-19.2025,-0.084,0.739,0,0.739,-0.252
-17.935,-0.084,0.739,0,0,-0.168
-4.51,-0.084,1.579,0,3.158,-0.336
-3.2425,-0.084,1.579,0,1.579,-0.252
-1.975,-0.084,1.579,0,-4.441e-16,-0.168
-4.51,-0.084,1.579,0,3.158,-0.336
-3.2425,-0.084,1.579,0,1.579,-0.252
-1.975,-0.084,1.579,0,-4.441e-16,-0.168
-36.598,-0.084,-4.077,0,-8.154,-0.336
-35.3305,-0.084,-4.077,0,-4.077,-0.252
-34.063,-0.084,-4.077,0,0,-0.168
-36.598,-0.084,-4.077,0,-8.154,-0.336
-35.3305,-0.084,-4.077,0,-4.077,-0.252
-34.063,-0.084,-4.077,0,0,-0.168
-20.638,-0.084,-3.237,0,-6.474,-0.336
-19.3705,-0.084,-3.237,0,-3.237,-0.252
-18.103,-0.084,-3.237,0,0,-0.168
-20.638,-0.084,-3.237,0,-6.474,-0.336
-19.3705,-0.084,-3.237,0,-3.237,-0.252
-18.103,-0.084,-3.237,0,0,-0.168
-1.43,0.028,5.667,0,11.334,0.112
-0.1625,0.028,5.667,0,5.667,0.084
1.105,0.028,5.667,0,-3.553e-15,0.056
-1.43,0.028,5.667,0,11.334,0.112
-0.1625,0.028,5.667,0,5.667,0.084
1.105,0.028,5.667,0,-3.553e-15,0.056
14.53,0.028,6.507,0,13.014,0.112
15.7975,0.028,6.507,0,6.507,0.084
17.065,0.028,6.507,0,3.553e-15,0.056
14.53,0.028,6.507,0,13.014,0.112
15.7975,0.028,6.507,0,6.507,0.084
17.065,0.028,6.507,0,3.553e-15,0.056
-49.814,0.028,-8.781,0,-17.562,0.112
-48.5465,0.028,-8.781,0,-8.781,0.084
-47.279,0.028,-8.781,0,0,0.056
-49.814,0.028,-8.781,0,-17.562,0.112
-48.5465,0.028,-8.781,0,-8.781,0.084
-47.279,0.028,-8.781,0,0,0.056
-33.854,0.028,-7.941,0,-15.882,0.112
-32.5865,0.028,-7.941,0,-7.941,0.084
-31.319,0.028,-7.941,0,3.553e-15,0.056
-33.854,0.028,-7.941,0,-15.882,0.112
-32.5865,0.028,-7.941,0,-7.941,0.084
-31.319,0.028,-7.941,0,3.553e-15,0.056
-2.886,-0.028,5.611,0,11.222,-0.112
-1.6185,-0.028,5.611,0,5.611,-0.084
-0.351,-0.028,5.611,0,-1.776e-15,-0.056
-2.886,-0.028,5.611,0,11.222,-0.112
-1.6185,-0.028,5.611,0,5.611,-0.084
-0.351,-0.028,5.611,0,-1.776e-15,-0.056
13.074,-0.028,6.451,0,12.902,-0.112
14.3415,-0.028,6.451,0,6.451,-0.084
15.609,-0.028,6.451,0,1.776e-15,-0.056
13.074,-0.028,6.451,0,12.902,-0.112
14.3415,-0.028,6.451,0,6.451,-0.084
15.609,-0.028,6.451,0,1.776e-15,-0.056
-51.27,-0.028,-8.837,0,-17.674,-0.112
-50.0025,-0.028,-8.837,0,-8.837,-0.084
-48.735,-0.028,-8.837,0,0,-0.056
-51.27,-0.028,-8.837,0,-17.674,-0.112
-50.0025,-0.028,-8.837,0,-8.837,-0.084
-48.735,-0.028,-8.837,0,0,-0.056
-35.31,-0.028,-7.997,0,-15.994,-0.112
-34.0425,-0.028,-7.997,0,-7.997,-0.084
-32.775,-0.028,-7.997,0,0,-0.056
-35.31,-0.028,-7.997,0,-15.994,-0.112
-34.0425,-0.028,-7.997,0,-7.997,-0.084
-32.775,-0.028,-7.997,0,0,-0.056
2.9268,0.14,2.87,0,5.74,0.56
3.8774,0.14,2.87,0,2.87,0.42
4.828,0.14,2.87,0,0,0.28
2.9268,0.14,2.87,0,5.74,0.56
3.8774,0.14,2.87,0,2.87,0.42
4.828,0.14,2.87,0,0,0.28
12.5028,0.14,3.374,0,6.748,0.56
13.4534,0.14,3.374,0,3.374,0.42
14.404,0.14,3.374,0,-8.882e-16,0.28
12.5028,0.14,3.374,0,6.748,0.56
13.4534,0.14,3.374,0,3.374,0.42
14.404,0.14,3.374,0,-8.882e-16,0.28
-21.2653,0.14,-4.354,0,-8.708,0.56
-20.3146,0.14,-4.354,0,-4.354,0.42
-19.364,0.14,-4.354,0,1.776e-15,0.28
-21.2653,0.14,-4.354,0,-8.708,0.56
-20.3146,0.14,-4.354,0,-4.354,0.42
-19.364,0.14,-4.354,0,1.776e-15,0.28
-11.6893,0.14,-3.85,0,-7.7,0.56
-10.7386,0.14,-3.85,0,-3.85,0.42
-9.788,0.14,-3.85,0,-8.882e-16,0.28
-11.6893,0.14,-3.85,0,-7.7,0.56
-10.7386,0.14,-3.85,0,-3.85,0.42
-9.788,0.14,-3.85,0,-8.882e-16,0.28
-4.3533,-0.14,2.59,0,5.18,-0.56
-3.4026,-0.14,2.59,0,2.59,-0.42
-2.452,-0.14,2.59,0,-1.776e-15,-0.28
-4.3533,-0.14,2.59,0,5.18,-0.56
-3.4026,-0.14,2.59,0,2.59,-0.42
-2.452,-0.14,2.59,0,-1.776e-15,-0.28
5.2228,-0.14,3.094,0,6.188,-0.56
6.1734,-0.14,3.094,0,3.094,-0.42
7.124,-0.14,3.094,0,8.882e-16,-0.28
5.2228,-0.14,3.094,0,6.188,-0.56
6.1734,-0.14,3.094,0,3.094,-0.42
7.124,-0.14,3.094,0,8.882e-16,-0.28
-28.5453,-0.14,-4.634,0,-9.268,-0.56
-27.5946,-0.14,-4.634,0,-4.634,-0.42
-26.644,-0.14,-4.634,0,-1.776e-15,-0.28
-28.5453,-0.14,-4.634,0,-9.268,-0.56
-27.5946,-0.14,-4.634,0,-4.634,-0.42
-26.644,-0.14,-4.634,0,-1.776e-15,-0.28
-18.9693,-0.14,-4.13,0,-8.26,-0.56
-18.0186,-0.14,-4.13,0,-4.13,-0.42
-17.068,-0.14,-4.13,0,1.776e-15,-0.28
-18.9693,-0.14,-4.13,0,-8.26,-0.56
-18.0186,-0.14,-4.13,0,-4.13,-0.42
-17.068,-0.14,-4.13,0,1.776e-15,-0.28
28.6028,0.042,11.2,0,22.4,0.168
29.5534,0.042,11.2,0,11.2,0.126
30.504,0.042,11.2,0,3.553e-15,0.084
28.6028,0.042,11.2,0,22.4,0.168
29.5534,0.042,11.2,0,11.2,0.126
30.504,0.042,11.2,0,3.553e-15,0.084
38.1788,0.042,11.704,0,23.408,0.168
39.1294,0.042,11.704,0,11.704,0.126
40.08,0.042,11.704,0,0,0.084
38.1788,0.042,11.704,0,23.408,0.168
39.1294,0.042,11.704,0,11.704,0.126
40.08,0.042,11.704,0,0,0.084
-52.0373,0.042,-12.88,0,-25.76,0.168
-51.0866,0.042,-12.88,0,-12.88,0.126
-50.136,0.042,-12.88,0,-3.553e-15,0.084
-52.0373,0.042,-12.88,0,-25.76,0.168
-51.0866,0.042,-12.88,0,-12.88,0.126
-50.136,0.042,-12.88,0,-3.553e-15,0.084
-42.4613,0.042,-12.376,0,-24.752,0.168
-41.5106,0.042,-12.376,0,-12.376,0.126
-40.56,0.042,-12.376,0,7.105e-15,0.084
-42.4613,0.042,-12.376,0,-24.752,0.168
-41.5106,0.042,-12.376,0,-12.376,0.126
-40.56,0.042,-12.376,0,7.105e-15,0.084
26.4188,-0.042,11.116,0,22.232,-0.168
27.3694,-0.042,11.116,0,11.116,-0.126
28.32,-0.042,11.116,0,0,-0.084
26.4188,-0.042,11.116,0,22.232,-0.168
27.3694,-0.042,11.116,0,11.116,-0.126
28.32,-0.042,11.116,0,0,-0.084
35.9948,-0.042,11.62,0,23.24,-0.168
36.9454,-0.042,11.62,0,11.62,-0.126
37.896,-0.042,11.62,0,0,-0.084
35.9948,-0.042,11.62,0,23.24,-0.168
36.9454,-0.042,11.62,0,11.62,-0.126
37.896,-0.042,11.62,0,0,-0.084
-54.2213,-0.042,-12.964,0,-25.928,-0.168
-53.2706,-0.042,-12.964,0,-12.964,-0.126
-52.32,-0.042,-12.964,0,0,-0.084
-54.2213,-0.042,-12.964,0,-25.928,-0.168
-53.2706,-0.042,-12.964,0,-12.964,-0.126
-52.32,-0.042,-12.964,0,0,-0.084
-44.6453,-0.042,-12.46,0,-24.92,-0.168
-43.6946,-0.042,-12.46,0,-12.46,-0.126
-42.744,-0.042,-12.46,0,0,-0.084
-44.6453,-0.042,-12.46,0,-24.92,-0.168
-43.6946,-0.042,-12.46,0,-12.46,-0.126
-42.744,-0.042,-12.46,0,0,-0.084
-5.7533,0.084,1.442,0,2.884,0.336
-4.8026,0.084,1.442,0,1.442,0.252
-3.852,0.084,1.442,0,-4.441e-16,0.168
-5.7533,0.084,1.442,0,2.884,0.336
-4.8026,0.084,1.442,0,1.442,0.252
-3.852,0.084,1.442,0,-4.441e-16,0.168
10.2068,0.084,2.282,0,4.564,0.336
11.1574,0.084,2.282,0,2.282,0.252
12.108,0.084,2.282,0,-8.882e-16,0.168
10.2068,0.084,2.282,0,4.564,0.336
11.1574,0.084,2.282,0,2.282,0.252
12.108,0.084,2.282,0,-8.882e-16,0.168
-21.8813,0.084,-3.374,0,-6.748,0.336
-20.9306,0.084,-3.374,0,-3.374,0.252
-19.98,0.084,-3.374,0,-1.776e-15,0.168
-21.8813,0.084,-3.374,0,-6.748,0.336
-20.9306,0.084,-3.374,0,-3.374,0.252
-19.98,0.084,-3.374,0,-1.776e-15,0.168
-5.9213,0.084,-2.534,0,-5.068,0.336
-4.9706,0.084,-2.534,0,-2.534,0.252
-4.02,0.084,-2.534,0,0,0.168
-5.9213,0.084,-2.534,0,-5.068,0.336
-4.9706,0.084,-2.534,0,-2.534,0.252
-4.02,0.084,-2.534,0,0,0.168
-10.1213,-0.084,1.274,0,2.548,-0.336
-9.1706,-0.084,1.274,0,1.274,-0.252
-8.22,-0.084,1.274,0,8.882e-16,-0.168
-10.1213,-0.084,1.274,0,2.548,-0.336
-9.1706,-0.084,1.274,0,1.274,-0.252
-8.22,-0.084,1.274,0,8.882e-16,-0.168
5.8388,-0.084,2.114,0,4.228,-0.336
6.7894,-0.084,2.114,0,2.114,-0.252
7.74,-0.084,2.114,0,-8.882e-16,-0.168
5.8388,-0.084,2.114,0,4.228,-0.336
6.7894,-0.084,2.114,0,2.114,-0.252
7.74,-0.084,2.114,0,-8.882e-16,-0.168
-26.2493,-0.084,-3.542,0,-7.084,-0.336
-25.2986,-0.084,-3.542,0,-3.542,-0.252
-24.348,-0.084,-3.542,0,0,-0.168
-26.2493,-0.084,-3.542,0,-7.084,-0.336
-25.2986,-0.084,-3.542,0,-3.542,-0.252
-24.348,-0.084,-3.542,0,0,-0.168
-10.2893,-0.084,-2.702,0,-5.404,-0.336
-9.3386,-0.084,-2.702,0,-2.702,-0.252
-8.388,-0.084,-2.702,0,0,-0.168
-10.2893,-0.084,-2.702,0,-5.404,-0.336
-9.3386,-0.084,-2.702,0,-2.702,-0.252
-8.388,-0.084,-2.702,0,0,-0.168
8.9188,0.028,6.202,0,12.404,0.112
9.8694,0.028,6.202,0,6.202,0.084
10.82,0.028,6.202,0,0,0.056
8.9188,0.028,6.202,0,12.404,0.112
9.8694,0.028,6.202,0,6.202,0.084
10.82,0.028,6.202,0,0,0.056
24.8788,0.028,7.042,0,14.084,0.112
25.8294,0.028,7.042,0,7.042,0.084
26.78,0.028,7.042,0,0,0.056
24.8788,0.028,7.042,0,14.084,0.112
25.8294,0.028,7.042,0,7.042,0.084
26.78,0.028,7.042,0,0,0.056
-39.4653,0.028,-8.246,0,-16.492,0.112
-38.5146,0.028,-8.246,0,-8.246,0.084
-37.564,0.028,-8.246,0,3.553e-15,0.056
-39.4653,0.028,-8.246,0,-16.492,0.112
-38.5146,0.028,-8.246,0,-8.246,0.084
-37.564,0.028,-8.246,0,3.553e-15,0.056
-23.5053,0.028,-7.406,0,-14.812,0.112
-22.5546,0.028,-7.406,0,-7.406,0.084
-21.604,0.028,-7.406,0,3.553e-15,0.056
-23.5053,0.028,-7.406,0,-14.812,0.112
-22.5546,0.028,-7.406,0,-7.406,0.084
-21.604,0.028,-7.406,0,3.553e-15,0.056
7.4628,-0.028,6.146,0,12.292,-0.112
8.4134,-0.028,6.146,0,6.146,-0.084
9.364,-0.028,6.146,0,-1.776e-15,-0.056
7.4628,-0.028,6.146,0,12.292,-0.112
8.4134,-0.028,6.146,0,6.146,-0.084
9.364,-0.028,6.146,0,-1.776e-15,-0.056
23.4228,-0.028,6.986,0,13.972,-0.112
24.3734,-0.028,6.986,0,6.986,-0.084
25.324,-0.028,6.986,0,0,-0.056
23.4228,-0.028,6.986,0,13.972,-0.112
24.3734,-0.028,6.986,0,6.986,-0.084
25.324,-0.028,6.986,0,0,-0.056
-40.9213,-0.028,-8.302,0,-16.604,-0.112
-39.9706,-0.028,-8.302,0,-8.302,-0.084
-39.02,-0.028,-8.302,0,-3.553e-15,-0.056
-40.9213,-0.028,-8.302,0,-16.604,-0.112
-39.9706,-0.028,-8.302,0,-8.302,-0.084
-39.02,-0.028,-8.302,0,-3.553e-15,-0.056
-24.9613,-0.028,-7.462,0,-14.924,-0.112
-24.0106,-0.028,-7.462,0,-7.462,-0.084
-23.06,-0.028,-7.462,0,-1.776e-15,-0.056
-24.9613,-0.028,-7.462,0,-14.924,-0.112
-24.0106,-0.028,-7.462,0,-7.462,-0.084
-23.06,-0.028,-7.462,0,-1.776e-15,-0.056
-10.858,0.14,2.549,0,5.098,0.56
-9.5905,0.14,2.549,0,2.549,0.42
-8.323,0.14,2.549,0,-8.882e-16,0.28
-10.858,0.14,2.549,0,5.098,0.56
-9.5905,0.14,2.549,0,2.549,0.42
-8.323,0.14,2.549,0,-8.882e-16,0.28
-4.306,0.14,2.885,0,5.77,0.56
-3.0385,0.14,2.885,0,2.885,0.42
-1.771,0.14,2.885,0,-8.882e-16,0.28
-4.306,0.14,2.885,0,5.77,0.56
-3.0385,0.14,2.885,0,2.885,0.42
-1.771,0.14,2.885,0,-8.882e-16,0.28
-30.514,0.14,-4.675,0,-9.35,0.56
-29.2465,0.14,-4.675,0,-4.675,0.42
-27.979,0.14,-4.675,0,3.553e-15,0.28
-30.514,0.14,-4.675,0,-9.35,0.56
-29.2465,0.14,-4.675,0,-4.675,0.42
-27.979,0.14,-4.675,0,3.553e-15,0.28
-23.962,0.14,-4.339,0,-8.678,0.56
-22.6945,0.14,-4.339,0,-4.339,0.42
-21.427,0.14,-4.339,0,-1.776e-15,0.28
-23.962,0.14,-4.339,0,-8.678,0.56
-22.6945,0.14,-4.339,0,-4.339,0.42
-21.427,0.14,-4.339,0,-1.776e-15,0.28
-3.578,-0.14,2.829,0,5.658,-0.56
-2.3105,-0.14,2.829,0,2.829,-0.42
-1.043,-0.14,2.829,0,0,-0.28
-3.578,-0.14,2.829,0,5.658,-0.56
-2.3105,-0.14,2.829,0,2.829,-0.42
-1.043,-0.14,2.829,0,0,-0.28
2.974,-0.14,3.165,0,6.33,-0.56
4.2415,-0.14,3.165,0,3.165,-0.42
5.509,-0.14,3.165,0,-1.776e-15,-0.28
2.974,-0.14,3.165,0,6.33,-0.56
4.2415,-0.14,3.165,0,3.165,-0.42
5.509,-0.14,3.165,0,-1.776e-15,-0.28
-23.234,-0.14,-4.395,0,-8.79,-0.56
-21.9665,-0.14,-4.395,0,-4.395,-0.42
-20.699,-0.14,-4.395,0,1.776e-15,-0.28
-23.234,-0.14,-4.395,0,-8.79,-0.56
-21.9665,-0.14,-4.395,0,-4.395,-0.42
-20.699,-0.14,-4.395,0,1.776e-15,-0.28
-16.682,-0.14,-4.059,0,-8.118,-0.56
-15.4145,-0.14,-4.059,0,-4.059,-0.42
-14.147,-0.14,-4.059,0,1.776e-15,-0.28
-16.682,-0.14,-4.059,0,-8.118,-0.56
-15.4145,-0.14,-4.059,0,-4.059,-0.42
-14.147,-0.14,-4.059,0,1.776e-15,-0.28
14.622,0.042,11.075,0,22.15,0.168
15.8895,0.042,11.075,0,11.075,0.126
17.157,0.042,11.075,0,-3.553e-15,0.084
14.622,0.042,11.075,0,22.15,0.168
15.8895,0.042,11.075,0,11.075,0.126
17.157,0.042,11.075,0,-3.553e-15,0.084
21.174,0.042,11.411,0,22.822,0.168
22.4415,0.042,11.411,0,11.411,0.126
23.709,0.042,11.411,0,0,0.084
21.174,0.042,11.411,0,22.822,0.168
22.4415,0.042,11.411,0,11.411,0.126
23.709,0.042,11.411,0,0,0.084
-50.898,0.042,-13.005,0,-26.01,0.168
-49.6305,0.042,-13.005,0,-13.005,0.126
-48.363,0.042,-13.005,0,-7.105e-15,0.084
-50.898,0.042,-13.005,0,-26.01,0.168
-49.6305,0.042,-13.005,0,-13.005,0.126
-48.363,0.042,-13.005,0,-7.105e-15,0.084
-44.346,0.042,-12.669,0,-25.338,0.168
-43.0785,0.042,-12.669,0,-12.669,0.126
-41.811,0.042,-12.669,0,0,0.084
-44.346,0.042,-12.669,0,-25.338,0.168
-43.0785,0.042,-12.669,0,-12.669,0.126
-41.811,0.042,-12.669,0,0,0.084
16.806,-0.042,11.159,0,22.318,-0.168
18.0735,-0.042,11.159,0,11.159,-0.126
19.341,-0.042,11.159,0,3.553e-15,-0.084
16.806,-0.042,11.159,0,22.318,-0.168
18.0735,-0.042,11.159,0,11.159,-0.126
19.341,-0.042,11.159,0,3.553e-15,-0.084
23.358,-0.042,11.495,0,22.99,-0.168
24.6255,-0.042,11.495,0,11.495,-0.126
25.893,-0.042,11.495,0,-3.553e-15,-0.084
23.358,-0.042,11.495,0,22.99,-0.168
24.6255,-0.042,11.495,0,11.495,-0.126
25.893,-0.042,11.495,0,-3.553e-15,-0.084
-48.714,-0.042,-12.921,0,-25.842,-0.168
-47.4465,-0.042,-12.921,0,-12.921,-0.126
-46.179,-0.042,-12.921,0,0,-0.084
-48.714,-0.042,-12.921,0,-25.842,-0.168
-47.4465,-0.042,-12.921,0,-12.921,-0.126
-46.179,-0.042,-12.921,0,0,-0.084
-42.162,-0.042,-12.585,0,-25.17,-0.168
-40.8945,-0.042,-12.585,0,-12.585,-0.126
-39.627,-0.042,-12.585,0,3.553e-15,-0.084
-42.162,-0.042,-12.585,0,-25.17,-0.168
-40.8945,-0.042,-12.585,0,-12.585,-0.126
-39.627,-0.042,-12.585,0,3.553e-15,-0.084
-14.862,0.084,1.289,0,2.578,0.336
-13.5945,0.084,1.289,0,1.289,0.252
-12.327,0.084,1.289,0,0,0.168
-14.862,0.084,1.289,0,2.578,0.336
-13.5945,0.084,1.289,0,1.289,0.252
-12.327,0.084,1.289,0,0,0.168
-3.942,0.084,1.849,0,3.698,0.336
-2.6745,0.084,1.849,0,1.849,0.252
-1.407,0.084,1.849,0,1.332e-15,0.168
-3.942,0.084,1.849,0,3.698,0.336
-2.6745,0.084,1.849,0,1.849,0.252
-1.407,0.084,1.849,0,1.332e-15,0.168
-27.966,0.084,-3.527,0,-7.054,0.336
-26.6985,0.084,-3.527,0,-3.527,0.252
-25.431,0.084,-3.527,0,-8.882e-16,0.168
-27.966,0.084,-3.527,0,-7.054,0.336
-26.6985,0.084,-3.527,0,-3.527,0.252
-25.431,0.084,-3.527,0,-8.882e-16,0.168
-17.046,0.084,-2.967,0,-5.934,0.336
-15.7785,0.084,-2.967,0,-2.967,0.252
-14.511,0.084,-2.967,0,1.776e-15,0.168
-17.046,0.084,-2.967,0,-5.934,0.336
-15.7785,0.084,-2.967,0,-2.967,0.252
-14.511,0.084,-2.967,0,1.776e-15,0.168
-10.494,-0.084,1.457,0,2.914,-0.336
-9.2265,-0.084,1.457,0,1.457,-0.252
-7.959,-0.084,1.457,0,-4.441e-16,-0.168
-10.494,-0.084,1.457,0,2.914,-0.336
-9.2265,-0.084,1.457,0,1.457,-0.252
-7.959,-0.084,1.457,0,-4.441e-16,-0.168
0.426,-0.084,2.017,0,4.034,-0.336
1.6935,-0.084,2.017,0,2.017,-0.252
2.961,-0.084,2.017,0,8.882e-16,-0.168
0.426,-0.084,2.017,0,4.034,-0.336
1.6935,-0.084,2.017,0,2.017,-0.252
2.961,-0.084,2.017,0,8.882e-16,-0.168
-23.598,-0.084,-3.359,0,-6.718,-0.336
-22.3305,-0.084,-3.359,0,-3.359,-0.252
-21.063,-0.084,-3.359,0,8.882e-16,-0.168
-23.598,-0.084,-3.359,0,-6.718,-0.336
-22.3305,-0.084,-3.359,0,-3.359,-0.252
-21.063,-0.084,-3.359,0,8.882e-16,-0.168
-12.678,-0.084,-2.799,0,-5.598,-0.336
-11.4105,-0.084,-2.799,0,-2.799,-0.252
-10.143,-0.084,-2.799,0,8.882e-16,-0.168
-12.678,-0.084,-2.799,0,-5.598,-0.336
-11.4105,-0.084,-2.799,0,-2.799,-0.252
-10.143,-0.084,-2.799,0,8.882e-16,-0.168
-0.302,0.028,6.161,0,12.322,0.112
0.9655,0.028,6.161,0,6.161,0.084
2.233,0.028,6.161,0,0,0.056
-0.302,0.028,6.161,0,12.322,0.112
0.9655,0.028,6.161,0,6.161,0.084
2.233,0.028,6.161,0,0,0.056
10.618,0.028,6.721,0,13.442,0.112
11.8855,0.028,6.721,0,6.721,0.084
13.153,0.028,6.721,0,0,0.056
10.618,0.028,6.721,0,13.442,0.112
11.8855,0.028,6.721,0,6.721,0.084
13.153,0.028,6.721,0,0,0.056
-39.614,0.028,-8.287,0,-16.574,0.112
-38.3465,0.028,-8.287,0,-8.287,0.084
-37.079,0.028,-8.287,0,0,0.056
-39.614,0.028,-8.287,0,-16.574,0.112
-38.3465,0.028,-8.287,0,-8.287,0.084
-37.079,0.028,-8.287,0,0,0.056
-28.694,0.028,-7.727,0,-15.454,0.112
-27.4265,0.028,-7.727,0,-7.727,0.084
-26.159,0.028,-7.727,0,0,0.056
-28.694,0.028,-7.727,0,-15.454,0.112
-27.4265,0.028,-7.727,0,-7.727,0.084
-26.159,0.028,-7.727,0,0,0.056
1.154,-0.028,6.217,0,12.434,-0.112
2.4215,-0.028,6.217,0,6.217,-0.084
3.689,-0.028,6.217,0,0,-0.056
1.154,-0.028,6.217,0,12.434,-0.112
2.4215,-0.028,6.217,0,6.217,-0.084
3.689,-0.028,6.217,0,0,-0.056
12.074,-0.028,6.777,0,13.554,-0.112
13.3415,-0.028,6.777,0,6.777,-0.084
14.609,-0.028,6.777,0,3.553e-15,-0.056
12.074,-0.028,6.777,0,13.554,-0.112
13.3415,-0.028,6.777,0,6.777,-0.084
14.609,-0.028,6.777,0,3.553e-15,-0.056
-38.158,-0.028,-8.231,0,-16.462,-0.112
-36.8905,-0.028,-8.231,0,-8.231,-0.084
-35.623,-0.028,-8.231,0,0,-0.056
-38.158,-0.028,-8.231,0,-16.462,-0.112
-36.8905,-0.028,-8.231,0,-8.231,-0.084
-35.623,-0.028,-8.231,0,0,-0.056
-27.238,-0.028,-7.671,0,-15.342,-0.112
-25.9705,-0.028,-7.671,0,-7.671,-0.084
-24.703,-0.028,-7.671,0,-1.776e-15,-0.056
-27.238,-0.028,-7.671,0,-15.342,-0.112
-25.9705,-0.028,-7.671,0,-7.671,-0.084
-24.703,-0.028,-7.671,0,-1.776e-15,-0.056
-2.4093,0.14,2.944,0,5.888,0.56
-1.4586,0.14,2.944,0,2.944,0.42
-0.508,0.14,2.944,0,0,0.28
-2.4093,0.14,2.944,0,5.888,0.56
-1.4586,0.14,2.944,0,2.944,0.42
-0.508,0.14,2.944,0,0,0.28
4.1428,0.14,3.28,0,6.56,0.56
5.0934,0.14,3.28,0,3.28,0.42
6.044,0.14,3.28,0,-8.882e-16,0.28
4.1428,0.14,3.28,0,6.56,0.56
5.0934,0.14,3.28,0,3.28,0.42
6.044,0.14,3.28,0,-8.882e-16,0.28
-22.0653,0.14,-4.28,0,-8.56,0.56
-21.1146,0.14,-4.28,0,-4.28,0.42
-20.164,0.14,-4.28,0,0,0.28
-22.0653,0.14,-4.28,0,-8.56,0.56
-21.1146,0.14,-4.28,0,-4.28,0.42
-20.164,0.14,-4.28,0,0,0.28
-15.5133,0.14,-3.944,0,-7.888,0.56
-14.5626,0.14,-3.944,0,-3.944,0.42
-13.612,0.14,-3.944,0,-8.882e-16,0.28
-15.5133,0.14,-3.944,0,-7.888,0.56
-14.5626,0.14,-3.944,0,-3.944,0.42
-13.612,0.14,-3.944,0,-8.882e-16,0.28
4.8708,-0.14,3.224,0,6.448,-0.56
5.8214,-0.14,3.224,0,3.224,-0.42
6.772,-0.14,3.224,0,-8.882e-16,-0.28
4.8708,-0.14,3.224,0,6.448,-0.56
5.8214,-0.14,3.224,0,3.224,-0.42
6.772,-0.14,3.224,0,-8.882e-16,-0.28
11.4228,-0.14,3.56,0,7.12,-0.56
12.3734,-0.14,3.56,0,3.56,-0.42
13.324,-0.14,3.56,0,-1.776e-15,-0.28
11.4228,-0.14,3.56,0,7.12,-0.56
12.3734,-0.14,3.56,0,3.56,-0.42
13.324,-0.14,3.56,0,-1.776e-15,-0.28
-14.7853,-0.14,-4,0,-8,-0.56
-13.8346,-0.14,-4,0,-4,-0.42
-12.884,-0.14,-4,0,-2.665e-15,-0.28
-14.7853,-0.14,-4,0,-8,-0.56
-13.8346,-0.14,-4,0,-4,-0.42
-12.884,-0.14,-4,0,-2.665e-15,-0.28
-8.2333,-0.14,-3.664,0,-7.328,-0.56
-7.2826,-0.14,-3.664,0,-3.664,-0.42
-6.332,-0.14,-3.664,0,8.882e-16,-0.28
-8.2333,-0.14,-3.664,0,-7.328,-0.56
-7.2826,-0.14,-3.664,0,-3.664,-0.42
-6.332,-0.14,-3.664,0,8.882e-16,-0.28
23.0708,0.042,11.47,0,22.94,0.168
24.0214,0.042,11.47,0,11.47,0.126
24.972,0.042,11.47,0,3.553e-15,0.084
23.0708,0.042,11.47,0,22.94,0.168
24.0214,0.042,11.47,0,11.47,0.126
24.972,0.042,11.47,0,3.553e-15,0.084
29.6228,0.042,11.806,0,23.612,0.168
30.5734,0.042,11.806,0,11.806,0.126
31.524,0.042,11.806,0,-7.105e-15,0.084
29.6228,0.042,11.806,0,23.612,0.168
30.5734,0.042,11.806,0,11.806,0.126
31.524,0.042,11.806,0,-7.105e-15,0.084
-42.4493,0.042,-12.61,0,-25.22,0.168
-41.4986,0.042,-12.61,0,-12.61,0.126
-40.548,0.042,-12.61,0,7.105e-15,0.084
-42.4493,0.042,-12.61,0,-25.22,0.168
-41.4986,0.042,-12.61,0,-12.61,0.126
-40.548,0.042,-12.61,0,7.105e-15,0.084
-35.8973,0.042,-12.274,0,-24.548,0.168
-34.9466,0.042,-12.274,0,-12.274,0.126
-33.996,0.042,-12.274,0,3.553e-15,0.084
-35.8973,0.042,-12.274,0,-24.548,0.168
-34.9466,0.042,-12.274,0,-12.274,0.126
-33.996,0.042,-12.274,0,3.553e-15,0.084
25.2548,-0.042,11.554,0,23.108,-0.168
26.2054,-0.042,11.554,0,11.554,-0.126
27.156,-0.042,11.554,0,-7.105e-15,-0.084
25.2548,-0.042,11.554,0,23.108,-0.168
26.2054,-0.042,11.554,0,11.554,-0.126
27.156,-0.042,11.554,0,-7.105e-15,-0.084
31.8068,-0.042,11.89,0,23.78,-0.168
32.7574,-0.042,11.89,0,11.89,-0.126
33.708,-0.042,11.89,0,0,-0.084
31.8068,-0.042,11.89,0,23.78,-0.168
32.7574,-0.042,11.89,0,11.89,-0.126
33.708,-0.042,11.89,0,0,-0.084
-40.2653,-0.042,-12.526,0,-25.052,-0.168
-39.3146,-0.042,-12.526,0,-12.526,-0.126
-38.364,-0.042,-12.526,0,7.105e-15,-0.084
-40.2653,-0.042,-12.526,0,-25.052,-0.168
-39.3146,-0.042,-12.526,0,-12.526,-0.126
-38.364,-0.042,-12.526,0,7.105e-15,-0.084
-33.7133,-0.042,-12.19,0,-24.38,-0.168
-32.7626,-0.042,-12.19,0,-12.19,-0.126
-31.812,-0.042,-12.19,0,3.553e-15,-0.084
-33.7133,-0.042,-12.19,0,-24.38,-0.168
-32.7626,-0.042,-12.19,0,-12.19,-0.126
-31.812,-0.042,-12.19,0,3.553e-15,-0.084
-6.4133,0.084,1.684,0,3.368,0.336
-5.4626,0.084,1.684,0,1.684,0.252
-4.512,0.084,1.684,0,-4.441e-16,0.168
-6.4133,0.084,1.684,0,3.368,0.336
-5.4626,0.084,1.684,0,1.684,0.252
-4.512,0.084,1.684,0,-4.441e-16,0.168
4.5068,0.084,2.244,0,4.488,0.336
5.4574,0.084,2.244,0,2.244,0.252
6.408,0.084,2.244,0,-8.882e-16,0.168
4.5068,0.084,2.244,0,4.488,0.336
5.4574,0.084,2.244,0,2.244,0.252
6.408,0.084,2.244,0,-8.882e-16,0.168
-19.5173,0.084,-3.132,0,-6.264,0.336
-18.5666,0.084,-3.132,0,-3.132,0.252
-17.616,0.084,-3.132,0,0,0.168
-19.5173,0.084,-3.132,0,-6.264,0.336
-18.5666,0.084,-3.132,0,-3.132,0.252
-17.616,0.084,-3.132,0,0,0.168
-8.5973,0.084,-2.572,0,-5.144,0.336
-7.6466,0.084,-2.572,0,-2.572,0.252
-6.696,0.084,-2.572,0,-1.776e-15,0.168
-8.5973,0.084,-2.572,0,-5.144,0.336
-7.6466,0.084,-2.572,0,-2.572,0.252
-6.696,0.084,-2.572,0,-1.776e-15,0.168
-2.0453,-0.084,1.852,0,3.704,-0.336
-1.0946,-0.084,1.852,0,1.852,-0.252
-0.144,-0.084,1.852,0,-2.22e-15,-0.168
-2.0453,-0.084,1.852,0,3.704,-0.336
-1.0946,-0.084,1.852,0,1.852,-0.252
-0.144,-0.084,1.852,0,-2.22e-15,-0.168
8.8748,-0.084,2.412,0,4.824,-0.336
9.8254,-0.084,2.412,0,2.412,-0.252
10.776,-0.084,2.412,0,-8.882e-16,-0.168
8.8748,-0.084,2.412,0,4.824,-0.336
9.8254,-0.084,2.412,0,2.412,-0.252
10.776,-0.084,2.412,0,-8.882e-16,-0.168
-15.1493,-0.084,-2.964,0,-5.928,-0.336
-14.1986,-0.084,-2.964,0,-2.964,-0.252
-13.248,-0.084,-2.964,0,0,-0.168
-15.1493,-0.084,-2.964,0,-5.928,-0.336
-14.1986,-0.084,-2.964,0,-2.964,-0.252
-13.248,-0.084,-2.964,0,0,-0.168
-4.2293,-0.084,-2.404,0,-4.808,-0.336
-3.2786,-0.084,-2.404,0,-2.404,-0.252
-2.328,-0.084,-2.404,0,0,-0.168
-4.2293,-0.084,-2.404,0,-4.808,-0.336
-3.2786,-0.084,-2.404,0,-2.404,-0.252
-2.328,-0.084,-2.404,0,0,-0.168
8.1468,0.028,6.556,0,13.112,0.112
9.0974,0.028,6.556,0,6.556,0.084
10.048,0.028,6.556,0,-1.776e-15,0.056
8.1468,0.028,6.556,0,13.112,0.112
9.0974,0.028,6.556,0,6.556,0.084
10.048,0.028,6.556,0,-1.776e-15,0.056
19.0668,0.028,7.116,0,14.232,0.112
20.0174,0.028,7.116,0,7.116,0.084
20.968,0.028,7.116,0,1.776e-15,0.056
19.0668,0.028,7.116,0,14.232,0.112
20.0174,0.028,7.116,0,7.116,0.084
20.968,0.028,7.116,0,1.776e-15,0.056
-31.1653,0.028,-7.892,0,-15.784,0.112
-30.2146,0.028,-7.892,0,-7.892,0.084
-29.264,0.028,-7.892,0,0,0.056
-31.1653,0.028,-7.892,0,-15.784,0.112
-30.2146,0.028,-7.892,0,-7.892,0.084
-29.264,0.028,-7.892,0,0,0.056
-20.2453,0.028,-7.332,0,-14.664,0.112
-19.2946,0.028,-7.332,0,-7.332,0.084
-18.344,0.028,-7.332,0,-1.776e-15,0.056
-20.2453,0.028,-7.332,0,-14.664,0.112
-19.2946,0.028,-7.332,0,-7.332,0.084
-18.344,0.028,-7.332,0,-1.776e-15,0.056
9.6028,-0.028,6.612,0,13.224,-0.112
10.5534,-0.028,6.612,0,6.612,-0.084
11.504,-0.028,6.612,0,0,-0.056
9.6028,-0.028,6.612,0,13.224,-0.112
10.5534,-0.028,6.612,0,6.612,-0.084
11.504,-0.028,6.612,0,0,-0.056
20.5228,-0.028,7.172,0,14.344,-0.112
21.4734,-0.028,7.172,0,7.172,-0.084
22.424,-0.028,7.172,0,-1.776e-15,-0.056
20.5228,-0.028,7.172,0,14.344,-0.112
21.4734,-0.028,7.172,0,7.172,-0.084
22.424,-0.028,7.172,0,-1.776e-15,-0.056
-29.7093,-0.028,-7.836,0,-15.672,-0.112
-28.7586,-0.028,-7.836,0,-7.836,-0.084
-27.808,-0.028,-7.836,0,0,-0.056
-29.7093,-0.028,-7.836,0,-15.672,-0.112
-28.7586,-0.028,-7.836,0,-7.836,-0.084
-27.808,-0.028,-7.836,0,0,-0.056
-18.7893,-0.028,-7.276,0,-14.552,-0.112
-17.8386,-0.028,-7.276,0,-7.276,-0.084
-16.888,-0.028,-7.276,0,5.329e-15,-0.056
-18.7893,-0.028,-7.276,0,-14.552,-0.112
-17.8386,-0.028,-7.276,0,-7.276,-0.084
-16.888,-0.028,-7.276,0,5.329e-15,-0.056
-10.651,0.14,-1.388e-17,0,-1.392e-17,0.56
-9.3835,0.14,-1.388e-17,0,-4.066e-20,0.42
-8.116,0.14,-1.388e-17,0,1.384e-17,0.28
-10.651,0.14,-1.388e-17,0,-1.392e-17,0.56
-9.3835,0.14,-1.388e-17,0,-4.066e-20,0.42
-8.116,0.14,-1.388e-17,0,1.384e-17,0.28
-4.939,0.14,0,0,0,0.56
-3.6715,0.14,0,0,0,0.42
-2.404,0.14,0,0,0,0.28
-4.939,0.14,0,0,0,0.56
-3.6715,0.14,0,0,0,0.42
-2.404,0.14,0,0,0,0.28
-13.171,0.14,-6.939e-18,0,-1.388e-17,0.56
-11.9035,0.14,-6.939e-18,0,-6.939e-18,0.42
-10.636,0.14,-6.939e-18,0,0,0.28
-13.171,0.14,-6.939e-18,0,-1.388e-17,0.56
-11.9035,0.14,-6.939e-18,0,-6.939e-18,0.42
-10.636,0.14,-6.939e-18,0,0,0.28
-7.459,0.14,0,0,0,0.56
-6.1915,0.14,0,0,0,0.42
-4.924,0.14,0,0,0,0.28
-7.459,0.14,0,0,0,0.56
-6.1915,0.14,0,0,0,0.42
-4.924,0.14,0,0,0,0.28
-15.411,-0.14,0,0,1.071e-18,-0.56
-14.1435,-0.14,0,0,1.071e-18,-0.42
-12.876,-0.14,0,0,1.071e-18,-0.28
-15.411,-0.14,0,0,1.071e-18,-0.56
-14.1435,-0.14,0,0,1.071e-18,-0.42
-12.876,-0.14,0,0,1.071e-18,-0.28
-9.699,-0.14,0,0,0,-0.56
-8.4315,-0.14,0,0,0,-0.42
-7.164,-0.14,0,0,0,-0.28
-9.699,-0.14,0,0,0,-0.56
-8.4315,-0.14,0,0,0,-0.42
-7.164,-0.14,0,0,0,-0.28
-17.931,-0.14,-1.388e-17,0,-1.389e-17,-0.56
-16.6635,-0.14,-1.388e-17,0,-1.355e-20,-0.42
-15.396,-0.14,-1.388e-17,0,1.386e-17,-0.28
-17.931,-0.14,-1.388e-17,0,-1.389e-17,-0.56
-16.6635,-0.14,-1.388e-17,0,-1.355e-20,-0.42
-15.396,-0.14,-1.388e-17,0,1.386e-17,-0.28
-12.219,-0.14,0,0,-1.386e-17,-0.56
-10.9515,-0.14,0,0,-1.386e-17,-0.42
-9.684,-0.14,0,0,-1.386e-17,-0.28
-12.219,-0.14,0,0,-1.386e-17,-0.56
-10.9515,-0.14,0,0,-1.386e-17,-0.42
-9.684,-0.14,0,0,-1.386e-17,-0.28
-9.377,0.042,-4.066e-20,0,-2.033e-20,0.168
-8.1095,0.042,-4.066e-20,0,2.033e-20,0.126
-6.842,0.042,-4.066e-20,0,6.099e-20,0.084
-9.377,0.042,-4.066e-20,0,-2.033e-20,0.168
-8.1095,0.042,-4.066e-20,0,2.033e-20,0.126
-6.842,0.042,-4.066e-20,0,6.099e-20,0.084
-3.665,0.042,0,0,-5.294e-20,0.168
-2.3975,0.042,0,0,-5.252e-20,0.126
-1.13,0.042,0,0,-5.209e-20,0.084
-3.665,0.042,0,0,-5.294e-20,0.168
-2.3975,0.042,0,0,-5.252e-20,0.126
-1.13,0.042,0,0,-5.209e-20,0.084
-17.777,0.042,-4.201e-19,0,-1.4e-17,0.168
-16.5095,0.042,-4.201e-19,0,-1.358e-17,0.126
-15.242,0.042,-4.201e-19,0,-1.316e-17,0.084
-17.777,0.042,-4.201e-19,0,-1.4e-17,0.168
-16.5095,0.042,-4.201e-19,0,-1.358e-17,0.126
-15.242,0.042,-4.201e-19,0,-1.316e-17,0.084
-12.065,0.042,-2.033e-20,0,-2.711e-20,0.168
-10.7975,0.042,-2.033e-20,0,0,0.126
-9.53,0.042,-2.033e-20,0,1.355e-20,0.084
-12.065,0.042,-2.033e-20,0,-2.711e-20,0.168
-10.7975,0.042,-2.033e-20,0,0,0.126
-9.53,0.042,-2.033e-20,0,1.355e-20,0.084
-10.805,-0.042,-2.033e-20,0,-1.355e-20,-0.168
-9.5375,-0.042,-2.033e-20,0,0,-0.126
-8.27,-0.042,-2.033e-20,0,2.711e-20,-0.084
-10.805,-0.042,-2.033e-20,0,-1.355e-20,-0.168
-9.5375,-0.042,-2.033e-20,0,0,-0.126
-8.27,-0.042,-2.033e-20,0,2.711e-20,-0.084
-5.093,-0.042,-1.735e-18,0,-3.466e-18,-0.168
-3.8255,-0.042,-1.735e-18,0,-1.731e-18,-0.126
-2.558,-0.042,-1.735e-18,0,0,-0.084
-5.093,-0.042,-1.735e-18,0,-3.466e-18,-0.168
-3.8255,-0.042,-1.735e-18,0,-1.731e-18,-0.126
-2.558,-0.042,-1.735e-18,0,0,-0.084
-19.205,-0.042,1.355e-20,0,-1.355e-20,-0.168
-17.9375,-0.042,1.355e-20,0,-2.711e-20,-0.126
-16.67,-0.042,1.355e-20,0,-4.066e-20,-0.084
-19.205,-0.042,1.355e-20,0,-1.355e-20,-0.168
-17.9375,-0.042,1.355e-20,0,-2.711e-20,-0.126
-16.67,-0.042,1.355e-20,0,-4.066e-20,-0.084
-13.493,-0.042,0,0,1.377e-17,-0.168
-12.2255,-0.042,0,0,1.376e-17,-0.126
-10.958,-0.042,0,0,1.376e-17,-0.084
-13.493,-0.042,0,0,1.377e-17,-0.168
-12.2255,-0.042,0,0,1.376e-17,-0.126
-10.958,-0.042,0,0,1.376e-17,-0.084
-13.927,0.084,-1.388e-17,0,1.355e-20,0.336
-12.6595,0.084,-1.388e-17,0,1.389e-17,0.252
-11.392,0.084,-1.388e-17,0,2.777e-17,0.168
-13.927,0.084,-1.388e-17,0,1.355e-20,0.336
-12.6595,0.084,-1.388e-17,0,1.389e-17,0.252
-11.392,0.084,-1.388e-17,0,2.777e-17,0.168
-4.407,0.084,0,0,1.735e-18,0.336
-3.1395,0.084,0,0,1.735e-18,0.252
-1.872,0.084,0,0,1.735e-18,0.168
-4.407,0.084,0,0,1.735e-18,0.336
-3.1395,0.084,0,0,1.735e-18,0.252
-1.872,0.084,0,0,1.735e-18,0.168
-15.607,0.084,0,0,1.355e-20,0.336
-14.3395,0.084,0,0,1.355e-20,0.252
-13.072,0.084,0,0,1.355e-20,0.168
-15.607,0.084,0,0,1.355e-20,0.336
-14.3395,0.084,0,0,1.355e-20,0.252
-13.072,0.084,0,0,1.355e-20,0.168
-6.087,0.084,0,0,0,0.336
-4.8195,0.084,0,0,0,0.252
-3.552,0.084,0,0,0,0.168
-6.087,0.084,0,0,0,0.336
-4.8195,0.084,0,0,0,0.252
-3.552,0.084,0,0,0,0.168
-16.783,-0.084,-4.066e-20,0,-1.355e-20,-0.336
-15.5155,-0.084,-4.066e-20,0,2.711e-20,-0.252
-14.248,-0.084,-4.066e-20,0,6.776e-20,-0.168
-16.783,-0.084,-4.066e-20,0,-1.355e-20,-0.336
-15.5155,-0.084,-4.066e-20,0,2.711e-20,-0.252
-14.248,-0.084,-4.066e-20,0,6.776e-20,-0.168
-7.263,-0.084,0,0,0,-0.336
-5.9955,-0.084,0,0,0,-0.252
-4.728,-0.084,0,0,0,-0.168
-7.263,-0.084,0,0,0,-0.336
-5.9955,-0.084,0,0,0,-0.252
-4.728,-0.084,0,0,0,-0.168
-18.463,-0.084,0,0,1.386e-17,-0.336
-17.1955,-0.084,0,0,1.386e-17,-0.252
-15.928,-0.084,0,0,1.386e-17,-0.168
-18.463,-0.084,0,0,1.386e-17,-0.336
-17.1955,-0.084,0,0,1.386e-17,-0.252
-15.928,-0.084,0,0,1.386e-17,-0.168
-8.943,-0.084,-6.946e-18,0,-6.939e-18,-0.336
-7.6755,-0.084,-6.946e-18,0,0,-0.252
-6.408,-0.084,-6.946e-18,0,6.952e-18,-0.168
-8.943,-0.084,-6.946e-18,0,-6.939e-18,-0.336
-7.6755,-0.084,-6.946e-18,0,0,-0.252
-6.408,-0.084,-6.946e-18,0,6.952e-18,-0.168
-13.199,0.028,-6.939e-18,0,0,0.112
-11.9315,0.028,-6.939e-18,0,6.939e-18,0.084
-10.664,0.028,-6.939e-18,0,1.388e-17,0.056
-13.199,0.028,-6.939e-18,0,0,0.112
-11.9315,0.028,-6.939e-18,0,6.939e-18,0.084
-10.664,0.028,-6.939e-18,0,1.388e-17,0.056
-3.679,0.028,0,0,-1.736e-18,0.112
-2.4115,0.028,0,0,-1.736e-18,0.084
-1.144,0.028,0,0,-1.736e-18,0.056
-3.679,0.028,0,0,-1.736e-18,0.112
-2.4115,0.028,0,0,-1.736e-18,0.084
-1.144,0.028,0,0,-1.736e-18,0.056
-18.239,0.028,-1.404e-17,0,-1.38e-17,0.112
-16.9715,0.028,-1.404e-17,0,2.439e-19,0.084
-15.704,0.028,-1.404e-17,0,1.428e-17,0.056
-18.239,0.028,-1.404e-17,0,-1.38e-17,0.112
-16.9715,0.028,-1.404e-17,0,2.439e-19,0.084
-15.704,0.028,-1.404e-17,0,1.428e-17,0.056
-8.719,0.028,-2.304e-19,0,-7.359e-18,0.112
-7.4515,0.028,-2.304e-19,0,-7.129e-18,0.084
-6.184,0.028,-2.304e-19,0,-6.898e-18,0.056
-8.719,0.028,-2.304e-19,0,-7.359e-18,0.112
-7.4515,0.028,-2.304e-19,0,-7.129e-18,0.084
-6.184,0.028,-2.304e-19,0,-6.898e-18,0.056
-14.151,-0.028,-5.421e-20,0,2.711e-20,-0.112
-12.8835,-0.028,-5.421e-20,0,8.132e-20,-0.084
-11.616,-0.028,-5.421e-20,0,1.355e-19,-0.056
-14.151,-0.028,-5.421e-20,0,2.711e-20,-0.112
-12.8835,-0.028,-5.421e-20,0,8.132e-20,-0.084
-11.616,-0.028,-5.421e-20,0,1.355e-19,-0.056
-4.631,-0.028,0,0,-1.738e-18,-0.112
-3.3635,-0.028,0,0,-1.736e-18,-0.084
-2.096,-0.028,0,0,-1.735e-18,-0.056
-4.631,-0.028,0,0,-1.738e-18,-0.112
-3.3635,-0.028,0,0,-1.736e-18,-0.084
-2.096,-0.028,0,0,-1.735e-18,-0.056
-19.191,-0.028,-2.711e-20,0,1.355e-20,-0.112
-17.9235,-0.028,-2.711e-20,0,4.066e-20,-0.084
-16.656,-0.028,-2.711e-20,0,6.776e-20,-0.056
-19.191,-0.028,-2.711e-20,0,1.355e-20,-0.112
-17.9235,-0.028,-2.711e-20,0,4.066e-20,-0.084
-16.656,-0.028,-2.711e-20,0,6.776e-20,-0.056
-9.671,-0.028,-4.066e-20,0,-2.033e-20,-0.112
-8.4035,-0.028,-4.066e-20,0,2.033e-20,-0.084
-7.136,-0.028,-4.066e-20,0,6.099e-20,-0.056
-9.671,-0.028,-4.066e-20,0,-2.033e-20,-0.112
-8.4035,-0.028,-4.066e-20,0,2.033e-20,-0.084
-7.136,-0.028,-4.066e-20,0,6.099e-20,-0.056
-5.1673,0.14,-1.738e-18,0,0,0.56
-4.2166,0.14,-1.738e-18,0,1.735e-18,0.42
-3.266,0.14,-1.738e-18,0,3.473e-18,0.28
-5.1673,0.14,-1.738e-18,0,0,0.56
-4.2166,0.14,-1.738e-18,0,1.735e-18,0.42
-3.266,0.14,-1.738e-18,0,3.473e-18,0.28
0.5447,0.14,0,0,0,0.56
1.4954,0.14,0,0,0,0.42
2.446,0.14,0,0,0,0.28
0.5447,0.14,0,0,0,0.56
1.4954,0.14,0,0,0,0.42
2.446,0.14,0,0,0,0.28
-7.6873,0.14,-3.469e-18,0,-6.946e-18,0.56
-6.7366,0.14,-3.469e-18,0,-3.476e-18,0.42
-5.786,0.14,-3.469e-18,0,0,0.28
-7.6873,0.14,-3.469e-18,0,-6.946e-18,0.56
-6.7366,0.14,-3.469e-18,0,-3.476e-18,0.42
-5.786,0.14,-3.469e-18,0,0,0.28
-1.9753,0.14,0,0,0,0.56
-1.0246,0.14,0,0,0,0.42
-0.074,0.14,0,0,0,0.28
-1.9753,0.14,0,0,0,0.56
-1.0246,0.14,0,0,0,0.42
-0.074,0.14,0,0,0,0.28
-9.9273,-0.14,0,0,0,-0.56
-8.9766,-0.14,0,0,0,-0.42
-8.026,-0.14,0,0,0,-0.28
-9.9273,-0.14,0,0,0,-0.56
-8.9766,-0.14,0,0,0,-0.42
-8.026,-0.14,0,0,0,-0.28
-4.2153,-0.14,0,0,0,-0.56
-3.2646,-0.14,0,0,0,-0.42
-2.314,-0.14,0,0,0,-0.28
-4.2153,-0.14,0,0,0,-0.56
-3.2646,-0.14,0,0,0,-0.42
-2.314,-0.14,0,0,0,-0.28
-12.4473,-0.14,-4.066e-20,0,-1.355e-20,-0.56
-11.4966,-0.14,-4.066e-20,0,2.711e-20,-0.42
-10.546,-0.14,-4.066e-20,0,6.776e-20,-0.28
-12.4473,-0.14,-4.066e-20,0,-1.355e-20,-0.56
-11.4966,-0.14,-4.066e-20,0,2.711e-20,-0.42
-10.546,-0.14,-4.066e-20,0,6.776e-20,-0.28
-6.7353,-0.14,-3.469e-18,0,1.355e-20,-0.56
-5.7846,-0.14,-3.469e-18,0,3.483e-18,-0.42
-4.834,-0.14,-3.469e-18,0,6.952e-18,-0.28
-6.7353,-0.14,-3.469e-18,0,1.355e-20,-0.56
-5.7846,-0.14,-3.469e-18,0,3.483e-18,-0.42
-4.834,-0.14,-3.469e-18,0,6.952e-18,-0.28
-3.8933,0.042,-2.168e-19,0,1.11e-16,0.168
-2.9426,0.042,-2.168e-19,0,1.112e-16,0.126
-1.992,0.042,-2.168e-19,0,1.115e-16,0.084
-3.8933,0.042,-2.168e-19,0,1.11e-16,0.168
-2.9426,0.042,-2.168e-19,0,1.112e-16,0.126
-1.992,0.042,-2.168e-19,0,1.115e-16,0.084
1.8188,0.042,-2.765e-17,0,1.631e-19,0.168
2.7694,0.042,-2.765e-17,0,2.781e-17,0.126
3.72,0.042,-2.765e-17,0,5.546e-17,0.084
1.8188,0.042,-2.765e-17,0,1.631e-19,0.168
2.7694,0.042,-2.765e-17,0,2.781e-17,0.126
3.72,0.042,-2.765e-17,0,5.546e-17,0.084
-12.2933,0.042,-1.419e-20,0,0,0.168
-11.3426,0.042,-1.419e-20,0,2.014e-20,0.126
-10.392,0.042,-1.419e-20,0,3.433e-20,0.084
-12.2933,0.042,-1.419e-20,0,0,0.168
-11.3426,0.042,-1.419e-20,0,2.014e-20,0.126
-10.392,0.042,-1.419e-20,0,3.433e-20,0.084
-6.5813,0.042,-1.53e-20,0,-1.003e-20,0.168
-5.6306,0.042,-1.53e-20,0,0,0.126
-4.68,0.042,-1.53e-20,0,2.057e-20,0.084
-6.5813,0.042,-1.53e-20,0,-1.003e-20,0.168
-5.6306,0.042,-1.53e-20,0,0,0.126
-4.68,0.042,-1.53e-20,0,2.057e-20,0.084
-5.3213,-0.042,2.688e-17,0,-7.115e-19,-0.168
-4.3706,-0.042,2.688e-17,0,-2.759e-17,-0.126
-3.42,-0.042,2.688e-17,0,-5.447e-17,-0.084
-5.3213,-0.042,2.688e-17,0,-7.115e-19,-0.168
-4.3706,-0.042,2.688e-17,0,-2.759e-17,-0.126
-3.42,-0.042,2.688e-17,0,-5.447e-17,-0.084
0.3908,-0.042,-5.506e-20,0,-3.532e-19,-0.168
1.3414,-0.042,-5.506e-20,0,-2.982e-19,-0.126
2.292,-0.042,-5.506e-20,0,-2.431e-19,-0.084
0.3908,-0.042,-5.506e-20,0,-3.532e-19,-0.168
1.3414,-0.042,-5.506e-20,0,-2.982e-19,-0.126
2.292,-0.042,-5.506e-20,0,-2.431e-19,-0.084
-13.7213,-0.042,-5.019e-20,0,0,-0.168
-12.7706,-0.042,-5.019e-20,0,5.987e-20,-0.126
-11.82,-0.042,-5.019e-20,0,1.101e-19,-0.084
-13.7213,-0.042,-5.019e-20,0,0,-0.168
-12.7706,-0.042,-5.019e-20,0,5.987e-20,-0.126
-11.82,-0.042,-5.019e-20,0,1.101e-19,-0.084
-8.0093,-0.042,0,0,-6.939e-18,-0.168
-7.0586,-0.042,0,0,-6.938e-18,-0.126
-6.108,-0.042,0,0,-6.938e-18,-0.084
-8.0093,-0.042,0,0,-6.939e-18,-0.168
-7.0586,-0.042,0,0,-6.938e-18,-0.126
-6.108,-0.042,0,0,-6.938e-18,-0.084
-8.4433,0.084,0,0,0,0.336
-7.4926,0.084,0,0,0,0.252
-6.542,0.084,0,0,0,0.168
-8.4433,0.084,0,0,0,0.336
-7.4926,0.084,0,0,0,0.252
-6.542,0.084,0,0,0,0.168
1.0768,0.084,0,0,-3.473e-18,0.336
2.0274,0.084,0,0,-3.48e-18,0.252
2.978,0.084,0,0,-3.486e-18,0.168
1.0768,0.084,0,0,-3.473e-18,0.336
2.0274,0.084,0,0,-3.48e-18,0.252
2.978,0.084,0,0,-3.486e-18,0.168
-10.1233,0.084,-1.355e-20,0,6.919e-18,0.336
-9.1726,0.084,-1.355e-20,0,6.932e-18,0.252
-8.222,0.084,-1.355e-20,0,6.946e-18,0.168
-10.1233,0.084,-1.355e-20,0,6.919e-18,0.336
-9.1726,0.084,-1.355e-20,0,6.932e-18,0.252
-8.222,0.084,-1.355e-20,0,6.946e-18,0.168
-0.6033,0.084,0,0,-9.207e-19,0.336
0.3474,0.084,0,0,-9.199e-19,0.252
1.298,0.084,0,0,-9.19e-19,0.168
-0.6033,0.084,0,0,-9.207e-19,0.336
0.3474,0.084,0,0,-9.199e-19,0.252
1.298,0.084,0,0,-9.19e-19,0.168
-11.2993,-0.084,0,0,6.939e-18,-0.336
-10.3486,-0.084,0,0,6.939e-18,-0.252
-9.398,-0.084,0,0,6.939e-18,-0.168
-11.2993,-0.084,0,0,6.939e-18,-0.336
-10.3486,-0.084,0,0,6.939e-18,-0.252
-9.398,-0.084,0,0,6.939e-18,-0.168
-1.7793,-0.084,0,0,0,-0.336
-0.8286,-0.084,0,0,0,-0.252
0.122,-0.084,0,0,0,-0.168
-1.7793,-0.084,0,0,0,-0.336
-0.8286,-0.084,0,0,0,-0.252
0.122,-0.084,0,0,0,-0.168
-12.9793,-0.084,-6.099e-20,0,-2.711e-20,-0.336
-12.0286,-0.084,-6.099e-20,0,3.388e-20,-0.252
-11.078,-0.084,-6.099e-20,0,9.487e-20,-0.168
-12.9793,-0.084,-6.099e-20,0,-2.711e-20,-0.336
-12.0286,-0.084,-6.099e-20,0,3.388e-20,-0.252
-11.078,-0.084,-6.099e-20,0,9.487e-20,-0.168
-3.4593,-0.084,0,0,0,-0.336
-2.5086,-0.084,0,0,0,-0.252
-1.558,-0.084,0,0,0,-0.168
-3.4593,-0.084,0,0,0,-0.336
-2.5086,-0.084,0,0,0,-0.252
-1.558,-0.084,0,0,0,-0.168
-7.7153,0.028,0,0,-4.405e-19,0.112
-6.7646,0.028,0,0,-4.405e-19,0.084
-5.814,0.028,0,0,-4.405e-19,0.056
-7.7153,0.028,0,0,-4.405e-19,0.112
-6.7646,0.028,0,0,-4.405e-19,0.084
-5.814,0.028,0,0,-4.405e-19,0.056
1.8048,0.028,0,0,-3.463e-18,0.112
2.7554,0.028,0,0,-3.469e-18,0.084
3.706,0.028,0,0,-3.476e-18,0.056
1.8048,0.028,0,0,-3.463e-18,0.112
2.7554,0.028,0,0,-3.469e-18,0.084
3.706,0.028,0,0,-3.476e-18,0.056
-12.7553,0.028,-6.776e-20,0,-1.626e-19,0.112
-11.8046,0.028,-6.776e-20,0,-9.487e-20,0.084
-10.854,0.028,-6.776e-20,0,-2.711e-20,0.056
-12.7553,0.028,-6.776e-20,0,-1.626e-19,0.112
-11.8046,0.028,-6.776e-20,0,-9.487e-20,0.084
-10.854,0.028,-6.776e-20,0,-2.711e-20,0.056
-3.2353,0.028,0,0,0,0.112
-2.2846,0.028,0,0,0,0.084
-1.334,0.028,0,0,0,0.056
-3.2353,0.028,0,0,0,0.112
-2.2846,0.028,0,0,0,0.084
-1.334,0.028,0,0,0,0.056
-8.6673,-0.028,-5.421e-20,0,-4.743e-20,-0.112
-7.7166,-0.028,-5.421e-20,0,0,-0.084
-6.766,-0.028,-5.421e-20,0,6.099e-20,-0.056
-8.6673,-0.028,-5.421e-20,0,-4.743e-20,-0.112
-7.7166,-0.028,-5.421e-20,0,0,-0.084
-6.766,-0.028,-5.421e-20,0,6.099e-20,-0.056
0.8528,-0.028,7.115e-20,0,5.76e-20,-0.112
1.8034,-0.028,7.115e-20,0,-1.355e-20,-0.084
2.754,-0.028,7.115e-20,0,-8.47e-20,-0.056
0.8528,-0.028,7.115e-20,0,5.76e-20,-0.112
1.8034,-0.028,7.115e-20,0,-1.355e-20,-0.084
2.754,-0.028,7.115e-20,0,-8.47e-20,-0.056
-13.7073,-0.028,-8.403e-19,0,-8.403e-19,-0.112
-12.7566,-0.028,-8.403e-19,0,0,-0.084
-11.806,-0.028,-8.403e-19,0,8.403e-19,-0.056
-13.7073,-0.028,-8.403e-19,0,-8.403e-19,-0.112
-12.7566,-0.028,-8.403e-19,0,0,-0.084
-11.806,-0.028,-8.403e-19,0,8.403e-19,-0.056
-4.1873,-0.028,0,0,0,-0.112
-3.2366,-0.028,0,0,0,-0.084
-2.286,-0.028,0,0,0,-0.056
-4.1873,-0.028,0,0,0,-0.112
-3.2366,-0.028,0,0,0,-0.084
-2.286,-0.028,0,0,0,-0.056
-16.644,0.14,0.042,0,0.084,0.56
-15.3765,0.14,0.042,0,0.042,0.42
-14.109,0.14,0.042,0,1.388e-17,0.28
-16.644,0.14,0.042,0,0.084,0.56
-15.3765,0.14,0.042,0,0.042,0.42
-14.109,0.14,0.042,0,1.388e-17,0.28
-11.436,0.14,0.042,0,0.084,0.56
-10.1685,0.14,0.042,0,0.042,0.42
-8.901,0.14,0.042,0,-1.388e-17,0.28
-11.436,0.14,0.042,0,0.084,0.56
-10.1685,0.14,0.042,0,0.042,0.42
-8.901,0.14,0.042,0,-1.388e-17,0.28
-15.384,0.14,-0.042,0,-0.084,0.56
-14.1165,0.14,-0.042,0,-0.042,0.42
-12.849,0.14,-0.042,0,0,0.28
-15.384,0.14,-0.042,0,-0.084,0.56
-14.1165,0.14,-0.042,0,-0.042,0.42
-12.849,0.14,-0.042,0,0,0.28
-10.176,0.14,-0.042,0,-0.084,0.56
-8.9085,0.14,-0.042,0,-0.042,0.42
-7.641,0.14,-0.042,0,-1.388e-17,0.28
-10.176,0.14,-0.042,0,-0.084,0.56
-8.9085,0.14,-0.042,0,-0.042,0.42
-7.641,0.14,-0.042,0,-1.388e-17,0.28
-11.884,-0.14,0.042,0,0.084,-0.56
-10.6165,-0.14,0.042,0,0.042,-0.42
-9.349,-0.14,0.042,0,-1.388e-17,-0.28
-11.884,-0.14,0.042,0,0.084,-0.56
-10.6165,-0.14,0.042,0,0.042,-0.42
-9.349,-0.14,0.042,0,-1.388e-17,-0.28
-6.676,-0.14,0.042,0,0.084,-0.56
-5.4085,-0.14,0.042,0,0.042,-0.42
-4.141,-0.14,0.042,0,0,-0.28
-6.676,-0.14,0.042,0,0.084,-0.56
-5.4085,-0.14,0.042,0,0.042,-0.42
-4.141,-0.14,0.042,0,0,-0.28
-10.624,-0.14,-0.042,0,-0.084,-0.56
-9.3565,-0.14,-0.042,0,-0.042,-0.42
-8.089,-0.14,-0.042,0,4.163e-17,-0.28
-10.624,-0.14,-0.042,0,-0.084,-0.56
-9.3565,-0.14,-0.042,0,-0.042,-0.42
-8.089,-0.14,-0.042,0,4.163e-17,-0.28
-5.416,-0.14,-0.042,0,-0.084,-0.56
-4.1485,-0.14,-0.042,0,-0.042,-0.42
-2.881,-0.14,-0.042,0,0,-0.28
-5.416,-0.14,-0.042,0,-0.084,-0.56
-4.1485,-0.14,-0.042,0,-0.042,-0.42
-2.881,-0.14,-0.042,0,0,-0.28
-16.448,0.042,0.14,0,0.28,0.168
-15.1805,0.042,0.14,0,0.14,0.126
-13.913,0.042,0.14,0,0,0.084
-16.448,0.042,0.14,0,0.28,0.168
-15.1805,0.042,0.14,0,0.14,0.126
-13.913,0.042,0.14,0,0,0.084
-11.24,0.042,0.14,0,0.28,0.168
-9.9725,0.042,0.14,0,0.14,0.126
-8.705,0.042,0.14,0,0,0.084
-11.24,0.042,0.14,0,0.28,0.168
-9.9725,0.042,0.14,0,0.14,0.126
-8.705,0.042,0.14,0,0,0.084
-12.248,0.042,-0.14,0,-0.28,0.168
-10.9805,0.042,-0.14,0,-0.14,0.126
-9.713,0.042,-0.14,0,0,0.084
-12.248,0.042,-0.14,0,-0.28,0.168
-10.9805,0.042,-0.14,0,-0.14,0.126
-9.713,0.042,-0.14,0,0,0.084
-7.04,0.042,-0.14,0,-0.28,0.168
-5.7725,0.042,-0.14,0,-0.14,0.126
-4.505,0.042,-0.14,0,0,0.084
-7.04,0.042,-0.14,0,-0.28,0.168
-5.7725,0.042,-0.14,0,-0.14,0.126
-4.505,0.042,-0.14,0,0,0.084
-15.02,-0.042,0.14,0,0.28,-0.168
-13.7525,-0.042,0.14,0,0.14,-0.126
-12.485,-0.042,0.14,0,-5.551e-17,-0.084
-15.02,-0.042,0.14,0,0.28,-0.168
-13.7525,-0.042,0.14,0,0.14,-0.126
-12.485,-0.042,0.14,0,-5.551e-17,-0.084
-9.812,-0.042,0.14,0,0.28,-0.168
-8.5445,-0.042,0.14,0,0.14,-0.126
-7.277,-0.042,0.14,0,-5.551e-17,-0.084
-9.812,-0.042,0.14,0,0.28,-0.168
-8.5445,-0.042,0.14,0,0.14,-0.126
-7.277,-0.042,0.14,0,-5.551e-17,-0.084
-10.82,-0.042,-0.14,0,-0.28,-0.168
-9.5525,-0.042,-0.14,0,-0.14,-0.126
-8.285,-0.042,-0.14,0,-5.551e-17,-0.084
-10.82,-0.042,-0.14,0,-0.28,-0.168
-9.5525,-0.042,-0.14,0,-0.14,-0.126
-8.285,-0.042,-0.14,0,-5.551e-17,-0.084
-5.612,-0.042,-0.14,0,-0.28,-0.168
-4.3445,-0.042,-0.14,0,-0.14,-0.126
-3.077,-0.042,-0.14,0,-5.551e-17,-0.084
-5.612,-0.042,-0.14,0,-0.28,-0.168
-4.3445,-0.042,-0.14,0,-0.14,-0.126
-3.077,-0.042,-0.14,0,-5.551e-17,-0.084
-17.218,0.084,0.028,0,0.056,0.336
-15.9505,0.084,0.028,0,0.028,0.252
-14.683,0.084,0.028,0,0,0.168
-17.218,0.084,0.028,0,0.056,0.336
-15.9505,0.084,0.028,0,0.028,0.252
-14.683,0.084,0.028,0,0,0.168
-8.538,0.084,0.028,0,0.056,0.336
-7.2705,0.084,0.028,0,0.028,0.252
-6.003,0.084,0.028,0,0,0.168
-8.538,0.084,0.028,0,0.056,0.336
-7.2705,0.084,0.028,0,0.028,0.252
-6.003,0.084,0.028,0,0,0.168
-16.378,0.084,-0.028,0,-0.056,0.336
-15.1105,0.084,-0.028,0,-0.028,0.252
-13.843,0.084,-0.028,0,0,0.168
-16.378,0.084,-0.028,0,-0.056,0.336
-15.1105,0.084,-0.028,0,-0.028,0.252
-13.843,0.084,-0.028,0,0,0.168
-7.698,0.084,-0.028,0,-0.056,0.336
-6.4305,0.084,-0.028,0,-0.028,0.252
-5.163,0.084,-0.028,0,6.939e-18,0.168
-7.698,0.084,-0.028,0,-0.056,0.336
-6.4305,0.084,-0.028,0,-0.028,0.252
-5.163,0.084,-0.028,0,6.939e-18,0.168
-14.362,-0.084,0.028,0,0.056,-0.336
-13.0945,-0.084,0.028,0,0.028,-0.252
-11.827,-0.084,0.028,0,0,-0.168
-14.362,-0.084,0.028,0,0.056,-0.336
-13.0945,-0.084,0.028,0,0.028,-0.252
-11.827,-0.084,0.028,0,0,-0.168
-5.682,-0.084,0.028,0,0.056,-0.336
-4.4145,-0.084,0.028,0,0.028,-0.252
-3.147,-0.084,0.028,0,-6.939e-18,-0.168
-5.682,-0.084,0.028,0,0.056,-0.336
-4.4145,-0.084,0.028,0,0.028,-0.252
-3.147,-0.084,0.028,0,-6.939e-18,-0.168
-13.522,-0.084,-0.028,0,-0.056,-0.336
-12.2545,-0.084,-0.028,0,-0.028,-0.252
-10.987,-0.084,-0.028,0,0,-0.168
-13.522,-0.084,-0.028,0,-0.056,-0.336
-12.2545,-0.084,-0.028,0,-0.028,-0.252
-10.987,-0.084,-0.028,0,0,-0.168
-4.842,-0.084,-0.028,0,-0.056,-0.336
-3.5745,-0.084,-0.028,0,-0.028,-0.252
-2.307,-0.084,-0.028,0,-6.939e-18,-0.168
-4.842,-0.084,-0.028,0,-0.056,-0.336
-3.5745,-0.084,-0.028,0,-0.028,-0.252
-2.307,-0.084,-0.028,0,-6.939e-18,-0.168
-17.106,0.028,0.084,0,0.168,0.112
-15.8385,0.028,0.084,0,0.084,0.084
-14.571,0.028,0.084,0,0,0.056
-17.106,0.028,0.084,0,0.168,0.112
-15.8385,0.028,0.084,0,0.084,0.084
-14.571,0.028,0.084,0,0,0.056
-8.426,0.028,0.084,0,0.168,0.112
-7.1585,0.028,0.084,0,0.084,0.084
-5.891,0.028,0.084,0,2.776e-17,0.056
-8.426,0.028,0.084,0,0.168,0.112
-7.1585,0.028,0.084,0,0.084,0.084
-5.891,0.028,0.084,0,2.776e-17,0.056
-14.586,0.028,-0.084,0,-0.168,0.112
-13.3185,0.028,-0.084,0,-0.084,0.084
-12.051,0.028,-0.084,0,-2.776e-17,0.056
-14.586,0.028,-0.084,0,-0.168,0.112
-13.3185,0.028,-0.084,0,-0.084,0.084
-12.051,0.028,-0.084,0,-2.776e-17,0.056
-5.906,0.028,-0.084,0,-0.168,0.112
-4.6385,0.028,-0.084,0,-0.084,0.084
-3.371,0.028,-0.084,0,0,0.056
-5.906,0.028,-0.084,0,-0.168,0.112
-4.6385,0.028,-0.084,0,-0.084,0.084
-3.371,0.028,-0.084,0,0,0.056
-16.154,-0.028,0.084,0,0.168,-0.112
-14.8865,-0.028,0.084,0,0.084,-0.084
-13.619,-0.028,0.084,0,-2.776e-17,-0.056
-16.154,-0.028,0.084,0,0.168,-0.112
-14.8865,-0.028,0.084,0,0.084,-0.084
-13.619,-0.028,0.084,0,-2.776e-17,-0.056
-7.474,-0.028,0.084,0,0.168,-0.112
-6.2065,-0.028,0.084,0,0.084,-0.084
-4.939,-0.028,0.084,0,0,-0.056
-7.474,-0.028,0.084,0,0.168,-0.112
-6.2065,-0.028,0.084,0,0.084,-0.084
-4.939,-0.028,0.084,0,0,-0.056
-13.634,-0.028,-0.084,0,-0.168,-0.112
-12.3665,-0.028,-0.084,0,-0.084,-0.084
-11.099,-0.028,-0.084,0,-2.776e-17,-0.056
-13.634,-0.028,-0.084,0,-0.168,-0.112
-12.3665,-0.028,-0.084,0,-0.084,-0.084
-11.099,-0.028,-0.084,0,-2.776e-17,-0.056
-4.954,-0.028,-0.084,0,-0.168,-0.112
-3.6865,-0.028,-0.084,0,-0.084,-0.084
-2.419,-0.028,-0.084,0,5.551e-17,-0.056
-4.954,-0.028,-0.084,0,-0.168,-0.112
-3.6865,-0.028,-0.084,0,-0.084,-0.084
-2.419,-0.028,-0.084,0,5.551e-17,-0.056
-11.6553,0.14,0.042,0,0.084,0.56
-10.7046,0.14,0.042,0,0.042,0.42
-9.754,0.14,0.042,0,0,0.28
-11.6553,0.14,0.042,0,0.084,0.56
-10.7046,0.14,0.042,0,0.042,0.42
-9.754,0.14,0.042,0,0,0.28
-6.4473,0.14,0.042,0,0.084,0.56
-5.4966,0.14,0.042,0,0.042,0.42
-4.546,0.14,0.042,0,0,0.28
-6.4473,0.14,0.042,0,0.084,0.56
-5.4966,0.14,0.042,0,0.042,0.42
-4.546,0.14,0.042,0,0,0.28
-10.3953,0.14,-0.042,0,-0.084,0.56
-9.4446,0.14,-0.042,0,-0.042,0.42
-8.494,0.14,-0.042,0,-1.388e-17,0.28
-10.3953,0.14,-0.042,0,-0.084,0.56
-9.4446,0.14,-0.042,0,-0.042,0.42
-8.494,0.14,-0.042,0,-1.388e-17,0.28
-5.1873,0.14,-0.042,0,-0.084,0.56
-4.2366,0.14,-0.042,0,-0.042,0.42
-3.286,0.14,-0.042,0,1.388e-17,0.28
-5.1873,0.14,-0.042,0,-0.084,0.56
-4.2366,0.14,-0.042,0,-0.042,0.42
-3.286,0.14,-0.042,0,1.388e-17,0.28
-6.8953,-0.14,0.042,0,0.084,-0.56
-5.9446,-0.14,0.042,0,0.042,-0.42
-4.994,-0.14,0.042,0,0,-0.28
-6.8953,-0.14,0.042,0,0.084,-0.56
-5.9446,-0.14,0.042,0,0.042,-0.42
-4.994,-0.14,0.042,0,0,-0.28
-1.6873,-0.14,0.042,0,0.084,-0.56
-0.7366,-0.14,0.042,0,0.042,-0.42
0.214,-0.14,0.042,0,0,-0.28
-1.6873,-0.14,0.042,0,0.084,-0.56
-0.7366,-0.14,0.042,0,0.042,-0.42
0.214,-0.14,0.042,0,0,-0.28
-5.6353,-0.14,-0.042,0,-0.084,-0.56
-4.6846,-0.14,-0.042,0,-0.042,-0.42
-3.734,-0.14,-0.042,0,-1.388e-17,-0.28
-5.6353,-0.14,-0.042,0,-0.084,-0.56
-4.6846,-0.14,-0.042,0,-0.042,-0.42
-3.734,-0.14,-0.042,0,-1.388e-17,-0.28
-0.4273,-0.14,-0.042,0,-0.084,-0.56
0.5234,-0.14,-0.042,0,-0.042,-0.42
1.474,-0.14,-0.042,0,-1.388e-17,-0.28
-0.4273,-0.14,-0.042,0,-0.084,-0.56
0.5234,-0.14,-0.042,0,-0.042,-0.42
1.474,-0.14,-0.042,0,-1.388e-17,-0.28
-11.4593,0.042,0.14,0,0.28,0.168
-10.5086,0.042,0.14,0,0.14,0.126
-9.558,0.042,0.14,0,5.551e-17,0.084
-11.4593,0.042,0.14,0,0.28,0.168
-10.5086,0.042,0.14,0,0.14,0.126
-9.558,0.042,0.14,0,5.551e-17,0.084
-6.2513,0.042,0.14,0,0.28,0.168
-5.3006,0.042,0.14,0,0.14,0.126
-4.35,0.042,0.14,0,0,0.084
-6.2513,0.042,0.14,0,0.28,0.168
-5.3006,0.042,0.14,0,0.14,0.126
-4.35,0.042,0.14,0,0,0.084
-7.2593,0.042,-0.14,0,-0.28,0.168
-6.3086,0.042,-0.14,0,-0.14,0.126
-5.358,0.042,-0.14,0,1.11e-16,0.084
-7.2593,0.042,-0.14,0,-0.28,0.168
-6.3086,0.042,-0.14,0,-0.14,0.126
-5.358,0.042,-0.14,0,1.11e-16,0.084
-2.0513,0.042,-0.14,0,-0.28,0.168
-1.1006,0.042,-0.14,0,-0.14,0.126
-0.15,0.042,-0.14,0,-5.551e-17,0.084
-2.0513,0.042,-0.14,0,-0.28,0.168
-1.1006,0.042,-0.14,0,-0.14,0.126
-0.15,0.042,-0.14,0,-5.551e-17,0.084
-10.0313,-0.042,0.14,0,0.28,-0.168
-9.0806,-0.042,0.14,0,0.14,-0.126
-8.13,-0.042,0.14,0,0,-0.084
-10.0313,-0.042,0.14,0,0.28,-0.168
-9.0806,-0.042,0.14,0,0.14,-0.126
-8.13,-0.042,0.14,0,0,-0.084
-4.8233,-0.042,0.14,0,0.28,-0.168
-3.8726,-0.042,0.14,0,0.14,-0.126
-2.922,-0.042,0.14,0,5.551e-17,-0.084
-4.8233,-0.042,0.14,0,0.28,-0.168
-3.8726,-0.042,0.14,0,0.14,-0.126
-2.922,-0.042,0.14,0,5.551e-17,-0.084
-5.8313,-0.042,-0.14,0,-0.28,-0.168
-4.8806,-0.042,-0.14,0,-0.14,-0.126
-3.93,-0.042,-0.14,0,-5.551e-17,-0.084
-5.8313,-0.042,-0.14,0,-0.28,-0.168
-4.8806,-0.042,-0.14,0,-0.14,-0.126
-3.93,-0.042,-0.14,0,-5.551e-17,-0.084
-0.6233,-0.042,-0.14,0,-0.28,-0.168
0.3274,-0.042,-0.14,0,-0.14,-0.126
1.278,-0.042,-0.14,0,0,-0.084
-0.6233,-0.042,-0.14,0,-0.28,-0.168
0.3274,-0.042,-0.14,0,-0.14,-0.126
1.278,-0.042,-0.14,0,0,-0.084
-12.2293,0.084,0.028,0,0.056,0.336
-11.2786,0.084,0.028,0,0.028,0.252
-10.328,0.084,0.028,0,0,0.168
-12.2293,0.084,0.028,0,0.056,0.336
-11.2786,0.084,0.028,0,0.028,0.252
-10.328,0.084,0.028,0,0,0.168
-3.5493,0.084,0.028,0,0.056,0.336
-2.5986,0.084,0.028,0,0.028,0.252
-1.648,0.084,0.028,0,6.939e-18,0.168
-3.5493,0.084,0.028,0,0.056,0.336
-2.5986,0.084,0.028,0,0.028,0.252
-1.648,0.084,0.028,0,6.939e-18,0.168
-11.3893,0.084,-0.028,0,-0.056,0.336
-10.4386,0.084,-0.028,0,-0.028,0.252
-9.488,0.084,-0.028,0,0,0.168
-11.3893,0.084,-0.028,0,-0.056,0.336
-10.4386,0.084,-0.028,0,-0.028,0.252
-9.488,0.084,-0.028,0,0,0.168
-2.7093,0.084,-0.028,0,-0.056,0.336
-1.7586,0.084,-0.028,0,-0.028,0.252
-0.808,0.084,-0.028,0,-1.388e-17,0.168
-2.7093,0.084,-0.028,0,-0.056,0.336
-1.7586,0.084,-0.028,0,-0.028,0.252
-0.808,0.084,-0.028,0,-1.388e-17,0.168
-9.3733,-0.084,0.028,0,0.056,-0.336
-8.4226,-0.084,0.028,0,0.028,-0.252
-7.472,-0.084,0.028,0,6.939e-18,-0.168
-9.3733,-0.084,0.028,0,0.056,-0.336
-8.4226,-0.084,0.028,0,0.028,-0.252
-7.472,-0.084,0.028,0,6.939e-18,-0.168
-0.6933,-0.084,0.028,0,0.056,-0.336
0.2574,-0.084,0.028,0,0.028,-0.252
1.208,-0.084,0.028,0,0,-0.168
-0.6933,-0.084,0.028,0,0.056,-0.336
0.2574,-0.084,0.028,0,0.028,-0.252
1.208,-0.084,0.028,0,0,-0.168
-8.5333,-0.084,-0.028,0,-0.056,-0.336
-7.5826,-0.084,-0.028,0,-0.028,-0.252
-6.632,-0.084,-0.028,0,0,-0.168
-8.5333,-0.084,-0.028,0,-0.056,-0.336
-7.5826,-0.084,-0.028,0,-0.028,-0.252
-6.632,-0.084,-0.028,0,0,-0.168
0.1468,-0.084,-0.028,0,-0.056,-0.336
1.0974,-0.084,-0.028,0,-0.028,-0.252
2.048,-0.084,-0.028,0,0,-0.168
0.1468,-0.084,-0.028,0,-0.056,-0.336
1.0974,-0.084,-0.028,0,-0.028,-0.252
2.048,-0.084,-0.028,0,0,-0.168
-12.1173,0.028,0.084,0,0.168,0.112
-11.1666,0.028,0.084,0,0.084,0.084
-10.216,0.028,0.084,0,0,0.056
-12.1173,0.028,0.084,0,0.168,0.112
-11.1666,0.028,0.084,0,0.084,0.084
-10.216,0.028,0.084,0,0,0.056
-3.4373,0.028,0.084,0,0.168,0.112
-2.4866,0.028,0.084,0,0.084,0.084
-1.536,0.028,0.084,0,8.327e-17,0.056
-3.4373,0.028,0.084,0,0.168,0.112
-2.4866,0.028,0.084,0,0.084,0.084
-1.536,0.028,0.084,0,8.327e-17,0.056
-9.5973,0.028,-0.084,0,-0.168,0.112
-8.6466,0.028,-0.084,0,-0.084,0.084
-7.696,0.028,-0.084,0,2.776e-17,0.056
-9.5973,0.028,-0.084,0,-0.168,0.112
-8.6466,0.028,-0.084,0,-0.084,0.084
-7.696,0.028,-0.084,0,2.776e-17,0.056
-0.9173,0.028,-0.084,0,-0.168,0.112
0.0334,0.028,-0.084,0,-0.084,0.084
0.984,0.028,-0.084,0,-2.776e-17,0.056
-0.9173,0.028,-0.084,0,-0.168,0.112
0.0334,0.028,-0.084,0,-0.084,0.084
0.984,0.028,-0.084,0,-2.776e-17,0.056
-11.1653,-0.028,0.084,0,0.168,-0.112
-10.2146,-0.028,0.084,0,0.084,-0.084
-9.264,-0.028,0.084,0,0,-0.056
-11.1653,-0.028,0.084,0,0.168,-0.112
-10.2146,-0.028,0.084,0,0.084,-0.084
-9.264,-0.028,0.084,0,0,-0.056
-2.4853,-0.028,0.084,0,0.168,-0.112
-1.5346,-0.028,0.084,0,0.084,-0.084
-0.584,-0.028,0.084,0,2.776e-17,-0.056
-2.4853,-0.028,0.084,0,0.168,-0.112
-1.5346,-0.028,0.084,0,0.084,-0.084
-0.584,-0.028,0.084,0,2.776e-17,-0.056
-8.6453,-0.028,-0.084,0,-0.168,-0.112
-7.6946,-0.028,-0.084,0,-0.084,-0.084
-6.744,-0.028,-0.084,0,0,-0.056
-8.6453,-0.028,-0.084,0,-0.168,-0.112
-7.6946,-0.028,-0.084,0,-0.084,-0.084
-6.744,-0.028,-0.084,0,0,-0.056
0.0347,-0.028,-0.084,0,-0.168,-0.112
0.9854,-0.028,-0.084,0,-0.084,-0.084
1.936,-0.028,-0.084,0,2.776e-17,-0.056
0.0347,-0.028,-0.084,0,-0.168,-0.112
0.9854,-0.028,-0.084,0,-0.084,-0.084
1.936,-0.028,-0.084,0,2.776e-17,-0.056
